station_name,year,josha_num,lines
いりなか,1991,3632472.0,1
いりなか,1992,3549946.0,1
いりなか,1993,3572420.0,1
いりなか,1994,3484716.0,1
いりなか,1995,3517137.0,1
いりなか,1996,3564984.0,1
いりなか,1997,3667531.0,1
いりなか,1998,3822759.0,1
いりなか,1999,3774603.0,1
いりなか,2000,3872345.0,1
いりなか,2001,5957099.0,1
いりなか,2002,4311543.0,1
いりなか,2003,3949068.0,1
いりなか,2004,2831220.0,1
いりなか,2005,2664289.0,1
いりなか,2006,2709581.0,1
いりなか,2007,2701426.0,1
いりなか,2008,2759197.0,1
いりなか,2009,2723242.0,1
いりなか,2010,2882630.0,1
いりなか,2011,2489562.0,1
いりなか,2012,2521816.0,1
いりなか,2013,2614891.0,1
いりなか,2014,2589814.0,1
いりなか,2015,2613444.0,1
ささしまライブ,2004,119622.0,1
ささしまライブ,2005,882339.0,1
ささしまライブ,2006,194865.0,1
ささしまライブ,2007,195160.0,1
ささしまライブ,2008,170932.0,1
ささしまライブ,2009,166079.0,1
ささしまライブ,2010,151481.0,1
ささしまライブ,2011,169918.0,1
ささしまライブ,2012,270710.0,1
ささしまライブ,2013,292040.0,1
ささしまライブ,2014,314054.0,1
ささしまライブ,2015,390761.0,1
ナゴヤ球場前,1991,2279094.0,1
ナゴヤ球場前,1992,2102054.0,1
ナゴヤ球場前,1993,2061089.0,1
ナゴヤ球場前,1994,2104707.0,1
ナゴヤ球場前,1995,1899533.0,1
ナゴヤ球場前,1996,1853526.0,1
ナゴヤ球場前,1997,1179540.0,1
ナゴヤ球場前,1998,1176652.0,1
ナゴヤ球場前,1999,1100621.0,1
ナゴヤ球場前,2000,1090477.0,1
ナゴヤ球場前,2001,1067756.0,1
ナゴヤ球場前,2002,1065678.0,1
ナゴヤ球場前,2003,1009524.0,1
ナゴヤ球場前,2004,1023712.0,1
ナゴヤ球場前,2005,972828.0,1
ナゴヤ球場前,2006,933423.0,1
ナゴヤ球場前,2007,954553.0,1
ナゴヤ球場前,2008,989035.0,1
ナゴヤ球場前,2009,965858.0,1
ナゴヤ球場前,2010,989845.0,1
ナゴヤ球場前,2011,1003470.0,1
ナゴヤ球場前,2012,1031871.0,1
ナゴヤ球場前,2013,1055248.0,1
ナゴヤ球場前,2014,1063542.0,1
ナゴヤ球場前,2015,1096641.0,1
一社,1991,5827340.0,1
一社,1992,5546586.0,1
一社,1993,5404069.0,1
一社,1994,5443745.0,1
一社,1995,5316369.0,1
一社,1996,5447876.0,1
一社,1997,5067021.0,1
一社,1998,4879855.0,1
一社,1999,4867172.0,1
一社,2000,4864351.0,1
一社,2001,5262222.0,1
一社,2002,5482754.0,1
一社,2003,5516839.0,1
一社,2004,5047082.0,1
一社,2005,5242186.0,1
一社,2006,5202208.0,1
一社,2007,5098064.0,1
一社,2008,5125305.0,1
一社,2009,5028236.0,1
一社,2010,5056352.0,1
一社,2011,4928354.0,1
一社,2012,5031091.0,1
一社,2013,5130112.0,1
一社,2014,5178372.0,1
一社,2015,5301790.0,1
上前津,1991,7039775.0,3
上前津,1992,6695631.0,3
上前津,1993,6467011.0,3
上前津,1994,6521819.0,3
上前津,1995,6467467.0,3
上前津,1996,6472568.0,3
上前津,1997,6370244.0,3
上前津,1998,6161427.0,3
上前津,1999,6112568.0,3
上前津,2000,6101577.0,3
上前津,2001,6759234.0,3
上前津,2002,6425476.0,3
上前津,2003,6668135.0,3
上前津,2004,6947605.0,3
上前津,2005,6868558.0,3
上前津,2006,6973889.0,3
上前津,2007,7112853.0,3
上前津,2008,7354050.0,3
上前津,2009,7175168.0,3
上前津,2010,7125542.0,3
上前津,2011,7386745.0,3
上前津,2012,7666836.0,3
上前津,2013,7878641.0,3
上前津,2014,7986423.0,3
上前津,2015,8217015.0,3
上小田井,1991,275605.0,1
上小田井,1992,693146.0,1
上小田井,1993,5259173.0,2
上小田井,1994,10296544.0,2
上小田井,1995,11057572.0,2
上小田井,1996,11517570.0,2
上小田井,1997,11762759.0,2
上小田井,1998,12029325.0,2
上小田井,1999,12076988.0,2
上小田井,2000,12199413.0,2
上小田井,2001,12831237.0,2
上小田井,2002,11357501.0,2
上小田井,2003,10517107.0,2
上小田井,2004,11553985.0,2
上小田井,2005,11379365.0,2
上小田井,2006,11524942.0,2
上小田井,2007,11666344.0,2
上小田井,2008,11491281.0,2
上小田井,2009,11761302.0,2
上小田井,2010,11822581.0,2
上小田井,2011,9978682.0,2
上小田井,2012,10110787.0,2
上小田井,2013,10461207.0,2
上小田井,2014,10650111.0,2
上小田井,2015,10972693.0,2
上社,1991,4085589.0,1
上社,1992,3734712.0,1
上社,1993,3816623.0,1
上社,1994,3594040.0,1
上社,1995,3574316.0,1
上社,1996,3479826.0,1
上社,1997,3559216.0,1
上社,1998,3524753.0,1
上社,1999,3645347.0,1
上社,2000,3547921.0,1
上社,2001,3783990.0,1
上社,2002,3821247.0,1
上社,2003,3889757.0,1
上社,2004,3624943.0,1
上社,2005,3822765.0,1
上社,2006,3850727.0,1
上社,2007,3955927.0,1
上社,2008,4026784.0,1
上社,2009,4014606.0,1
上社,2010,4166906.0,1
上社,2011,3999284.0,1
上社,2012,4057399.0,1
上社,2013,4149191.0,1
上社,2014,4160060.0,1
上社,2015,4309441.0,1
上飯田,1991,2730609.0,1
上飯田,1992,2722472.0,1
上飯田,1993,2644257.0,1
上飯田,1994,2529430.0,1
上飯田,1995,2481040.0,1
上飯田,1996,2367828.0,1
上飯田,1997,2267621.0,1
上飯田,1998,2149989.0,1
上飯田,1999,2040574.0,1
上飯田,2000,1937296.0,1
上飯田,2001,1862593.0,1
上飯田,2002,1848475.0,2
上飯田,2003,4965354.0,2
上飯田,2004,5710380.0,2
上飯田,2005,6065079.0,2
上飯田,2006,5903036.0,2
上飯田,2007,5957822.0,2
上飯田,2008,6154261.0,2
上飯田,2009,5897531.0,2
上飯田,2010,6090010.0,2
上飯田,2011,5769194.0,2
上飯田,2012,5977983.0,2
上飯田,2013,6209965.0,2
上飯田,2014,6366419.0,2
上飯田,2015,6625874.0,2
中京競馬場前,1991,2290322.0,1
中京競馬場前,1992,2204556.0,1
中京競馬場前,1993,2161799.0,1
中京競馬場前,1994,2251617.0,1
中京競馬場前,1995,2179361.0,1
中京競馬場前,1996,2082193.0,1
中京競馬場前,1997,1994727.0,1
中京競馬場前,1998,1922379.0,1
中京競馬場前,1999,1751915.0,1
中京競馬場前,2000,1629907.0,1
中京競馬場前,2001,1601382.0,1
中京競馬場前,2002,1627937.0,1
中京競馬場前,2003,1673635.0,1
中京競馬場前,2004,1670710.0,1
中京競馬場前,2005,1687148.0,1
中京競馬場前,2006,1730321.0,1
中京競馬場前,2007,1713905.0,1
中京競馬場前,2008,1737295.0,1
中京競馬場前,2009,1696794.0,1
中京競馬場前,2010,1585799.0,1
中京競馬場前,2011,1632766.0,1
中京競馬場前,2012,1669761.0,1
中京競馬場前,2013,1777226.0,1
中京競馬場前,2014,1730520.0,1
中京競馬場前,2015,1721001.0,1
中小田井,1991,1001628.0,1
中小田井,1992,950070.0,1
中小田井,1993,899655.0,1
中小田井,1994,771463.0,1
中小田井,1995,746258.0,1
中小田井,1996,716914.0,1
中小田井,1997,681575.0,1
中小田井,1998,648233.0,1
中小田井,1999,595351.0,1
中小田井,2000,600335.0,1
中小田井,2001,582767.0,1
中小田井,2002,555004.0,1
中小田井,2003,540680.0,1
中小田井,2004,550395.0,1
中小田井,2005,559431.0,1
中小田井,2006,561363.0,1
中小田井,2007,553954.0,1
中小田井,2008,585206.0,1
中小田井,2009,556142.0,1
中小田井,2010,568463.0,1
中小田井,2011,586490.0,1
中小田井,2012,594246.0,1
中小田井,2013,610174.0,1
中小田井,2014,620065.0,1
中小田井,2015,650159.0,1
中島,2004,208624.0,1
中島,2005,594347.0,1
中島,2006,664350.0,1
中島,2007,756105.0,1
中島,2008,790580.0,1
中島,2009,799806.0,1
中島,2010,813690.0,1
中島,2011,822219.0,1
中島,2012,846133.0,1
中島,2013,877093.0,1
中島,2014,915666.0,1
中島,2015,943269.0,1
中村公園,1991,5147931.0,1
中村公園,1992,4851304.0,1
中村公園,1993,4927192.0,1
中村公園,1994,4552959.0,1
中村公園,1995,4645099.0,1
中村公園,1996,4332284.0,1
中村公園,1997,4183386.0,1
中村公園,1998,4173562.0,1
中村公園,1999,4032396.0,1
中村公園,2000,4022895.0,1
中村公園,2001,4120097.0,1
中村公園,2002,4143811.0,1
中村公園,2003,4451595.0,1
中村公園,2004,4346996.0,1
中村公園,2005,4403053.0,1
中村公園,2006,4439403.0,1
中村公園,2007,4375528.0,1
中村公園,2008,4399622.0,1
中村公園,2009,4171195.0,1
中村公園,2010,4040532.0,1
中村公園,2011,3949869.0,1
中村公園,2012,4059856.0,1
中村公園,2013,4177136.0,1
中村公園,2014,4214217.0,1
中村公園,2015,4355813.0,1
中村区役所,1991,1404774.0,1
中村区役所,1992,1445420.0,1
中村区役所,1993,1551675.0,1
中村区役所,1994,1554300.0,1
中村区役所,1995,1650687.0,1
中村区役所,1996,1670237.0,1
中村区役所,1997,1599227.0,1
中村区役所,1998,1684937.0,1
中村区役所,1999,1648531.0,1
中村区役所,2000,1711341.0,1
中村区役所,2001,1824326.0,1
中村区役所,2002,1921632.0,1
中村区役所,2003,1941460.0,1
中村区役所,2004,1763229.0,1
中村区役所,2005,1843945.0,1
中村区役所,2006,1882619.0,1
中村区役所,2007,1880402.0,1
中村区役所,2008,1930290.0,1
中村区役所,2009,1860284.0,1
中村区役所,2010,1771882.0,1
中村区役所,2011,1828429.0,1
中村区役所,2012,1906638.0,1
中村区役所,2013,1996769.0,1
中村区役所,2014,2043486.0,1
中村区役所,2015,2114713.0,1
中村日赤,1991,1463402.0,1
中村日赤,1992,1438427.0,1
中村日赤,1993,1550816.0,1
中村日赤,1994,1369667.0,1
中村日赤,1995,1528252.0,1
中村日赤,1996,1368022.0,1
中村日赤,1997,1304392.0,1
中村日赤,1998,1343957.0,1
中村日赤,1999,1265514.0,1
中村日赤,2000,1361005.0,1
中村日赤,2001,1407957.0,1
中村日赤,2002,1573784.0,1
中村日赤,2003,1590832.0,1
中村日赤,2004,1461956.0,1
中村日赤,2005,1446138.0,1
中村日赤,2006,1425723.0,1
中村日赤,2007,1400641.0,1
中村日赤,2008,1419428.0,1
中村日赤,2009,1520595.0,1
中村日赤,2010,1465543.0,1
中村日赤,2011,1541203.0,1
中村日赤,2012,1589356.0,1
中村日赤,2013,1632460.0,1
中村日赤,2014,1635681.0,1
中村日赤,2015,1689354.0,1
丸の内,1991,6049707.0,2
丸の内,1992,6237617.0,2
丸の内,1993,6227676.0,2
丸の内,1994,6529951.0,2
丸の内,1995,6797525.0,2
丸の内,1996,6755085.0,2
丸の内,1997,6850910.0,2
丸の内,1998,6910816.0,2
丸の内,1999,6487268.0,2
丸の内,2000,6607297.0,2
丸の内,2001,6842036.0,2
丸の内,2002,6942129.0,2
丸の内,2003,6388180.0,2
丸の内,2004,5543164.0,2
丸の内,2005,5619273.0,2
丸の内,2006,5773744.0,2
丸の内,2007,5975642.0,2
丸の内,2008,5746985.0,2
丸の内,2009,5399181.0,2
丸の内,2010,5444553.0,2
丸の内,2011,5430520.0,2
丸の内,2012,5722070.0,2
丸の内,2013,6048329.0,2
丸の内,2014,6292475.0,2
丸の内,2015,6600796.0,2
久屋大通,1991,6834420.0,3
久屋大通,1992,7089646.0,3
久屋大通,1993,7342492.0,3
久屋大通,1994,7763913.0,3
久屋大通,1995,7912542.0,3
久屋大通,1996,7969649.0,3
久屋大通,1997,7943256.0,3
久屋大通,1998,7911473.0,3
久屋大通,1999,8007794.0,3
久屋大通,2000,7826682.0,3
久屋大通,2001,8628409.0,3
久屋大通,2002,8918918.0,3
久屋大通,2003,8308311.0,3
久屋大通,2004,7674784.0,3
久屋大通,2005,7743289.0,3
久屋大通,2006,7950608.0,3
久屋大通,2007,7719057.0,3
久屋大通,2008,7924154.0,3
久屋大通,2009,7627599.0,3
久屋大通,2010,7475530.0,3
久屋大通,2011,7794192.0,3
久屋大通,2012,8010451.0,3
久屋大通,2013,8196490.0,3
久屋大通,2014,8282642.0,3
久屋大通,2015,8690246.0,3
亀島,1991,1740469.0,1
亀島,1992,1628717.0,1
亀島,1993,1552696.0,1
亀島,1994,1476903.0,1
亀島,1995,1465770.0,1
亀島,1996,1366440.0,1
亀島,1997,1313946.0,1
亀島,1998,1309908.0,1
亀島,1999,1258177.0,1
亀島,2000,1236150.0,1
亀島,2001,1432411.0,1
亀島,2002,1432969.0,1
亀島,2003,1491300.0,1
亀島,2004,1388815.0,1
亀島,2005,1443394.0,1
亀島,2006,1451923.0,1
亀島,2007,1451146.0,1
亀島,2008,1499583.0,1
亀島,2009,1489928.0,1
亀島,2010,1453528.0,1
亀島,2011,1459457.0,1
亀島,2012,1487739.0,1
亀島,2013,1543398.0,1
亀島,2014,1587903.0,1
亀島,2015,1664260.0,1
今池,1991,8034311.0,2
今池,1992,7694398.0,2
今池,1993,7647326.0,2
今池,1994,7786830.0,2
今池,1995,7718801.0,2
今池,1996,7562800.0,2
今池,1997,7138521.0,2
今池,1998,7320428.0,2
今池,1999,7032953.0,2
今池,2000,6895664.0,2
今池,2001,7435518.0,2
今池,2002,7416394.0,2
今池,2003,7992257.0,2
今池,2004,7639302.0,2
今池,2005,7491461.0,2
今池,2006,7470003.0,2
今池,2007,7368525.0,2
今池,2008,7519104.0,2
今池,2009,7534150.0,2
今池,2010,7262642.0,2
今池,2011,7223786.0,2
今池,2012,7275366.0,2
今池,2013,7566148.0,2
今池,2014,7904899.0,2
今池,2015,8025212.0,2
伏屋,1991,981091.0,1
伏屋,1992,976896.0,1
伏屋,1993,1007768.0,1
伏屋,1994,1005257.0,1
伏屋,1995,1000147.0,1
伏屋,1996,989780.0,1
伏屋,1997,978589.0,1
伏屋,1998,1001567.0,1
伏屋,1999,1056641.0,1
伏屋,2000,1102154.0,1
伏屋,2001,1039215.0,1
伏屋,2002,997290.0,1
伏屋,2003,972616.0,1
伏屋,2004,957440.0,1
伏屋,2005,973197.0,1
伏屋,2006,1002561.0,1
伏屋,2007,1026767.0,1
伏屋,2008,1049082.0,1
伏屋,2009,1030504.0,1
伏屋,2010,1044536.0,1
伏屋,2011,1036170.0,1
伏屋,2012,1045435.0,1
伏屋,2013,1051649.0,1
伏屋,2014,1011800.0,1
伏屋,2015,1081492.0,1
伏見,1991,19580691.0,2
伏見,1992,18364622.0,2
伏見,1993,18085352.0,2
伏見,1994,17782850.0,2
伏見,1995,17720169.0,2
伏見,1996,17733541.0,2
伏見,1997,17157796.0,2
伏見,1998,17521819.0,2
伏見,1999,16879661.0,2
伏見,2000,16621926.0,2
伏見,2001,18114484.0,2
伏見,2002,18496144.0,2
伏見,2003,17349887.0,2
伏見,2004,15644281.0,2
伏見,2005,15400141.0,2
伏見,2006,15650417.0,2
伏見,2007,15492760.0,2
伏見,2008,15543477.0,2
伏見,2009,15287578.0,2
伏見,2010,14433557.0,2
伏見,2011,14716119.0,2
伏見,2012,14882691.0,2
伏見,2013,15400596.0,2
伏見,2014,15593628.0,2
伏見,2015,16307913.0,2
伝馬町,1991,2710955.0,1
伝馬町,1992,2500627.0,1
伝馬町,1993,2384176.0,1
伝馬町,1994,2286132.0,1
伝馬町,1995,2453055.0,1
伝馬町,1996,2269680.0,1
伝馬町,1997,2223770.0,1
伝馬町,1998,2150635.0,1
伝馬町,1999,2163519.0,1
伝馬町,2000,2098803.0,1
伝馬町,2001,2297186.0,1
伝馬町,2002,2175578.0,1
伝馬町,2003,2525294.0,1
伝馬町,2004,2293991.0,1
伝馬町,2005,2392475.0,1
伝馬町,2006,2424804.0,1
伝馬町,2007,2431493.0,1
伝馬町,2008,2408935.0,1
伝馬町,2009,2343451.0,1
伝馬町,2010,2419192.0,1
伝馬町,2011,2447062.0,1
伝馬町,2012,2513670.0,1
伝馬町,2013,2566001.0,1
伝馬町,2014,2592770.0,1
伝馬町,2015,2666475.0,1
八事,1991,3869963.0,1
八事,1992,3406084.0,1
八事,1993,3717854.0,1
八事,1994,3598441.0,1
八事,1995,4240513.0,1
八事,1996,3909293.0,1
八事,1997,4347350.0,1
八事,1998,4100077.0,1
八事,1999,4472549.0,1
八事,2000,4140021.0,1
八事,2001,4604774.0,1
八事,2002,4848927.0,1
八事,2003,5290862.0,1
八事,2004,4527960.0,2
八事,2005,5176881.0,2
八事,2006,5386807.0,2
八事,2007,5614842.0,2
八事,2008,5781705.0,2
八事,2009,5742916.0,2
八事,2010,6115422.0,2
八事,2011,5663018.0,2
八事,2012,5864964.0,2
八事,2013,6074457.0,2
八事,2014,6189348.0,2
八事,2015,6569729.0,2
八事日赤,1991,0.0,0
八事日赤,1992,0.0,0
八事日赤,1993,0.0,0
八事日赤,1994,0.0,0
八事日赤,1995,0.0,0
八事日赤,1996,0.0,0
八事日赤,1997,0.0,0
八事日赤,1998,0.0,0
八事日赤,1999,0.0,0
八事日赤,2000,0.0,0
八事日赤,2001,0.0,0
八事日赤,2002,0.0,0
八事日赤,2003,0.0,0
八事日赤,2004,643137.0,1
八事日赤,2005,1701779.0,1
八事日赤,2006,1939909.0,1
八事日赤,2007,2021183.0,1
八事日赤,2008,2017102.0,1
八事日赤,2009,2021260.0,1
八事日赤,2010,2094489.0,1
八事日赤,2011,2146537.0,1
八事日赤,2012,2232748.0,1
八事日赤,2013,2278721.0,1
八事日赤,2014,2308864.0,1
八事日赤,2015,2559831.0,1
八田,1991,2465327.0,3
八田,1992,2410022.0,3
八田,1993,2435886.0,3
八田,1994,2423245.0,3
八田,1995,2426835.0,3
八田,1996,2458733.0,3
八田,1997,2447373.0,3
八田,1998,2383595.0,3
八田,1999,2421800.0,3
八田,2000,2405879.0,3
八田,2001,2491439.0,3
八田,2002,2551636.0,3
八田,2003,2544167.0,3
八田,2004,2558041.0,3
八田,2005,2696775.0,3
八田,2006,2827636.0,3
八田,2007,2937799.0,3
八田,2008,3063587.0,3
八田,2009,3111337.0,3
八田,2010,3161958.0,3
八田,2011,3208330.0,3
八田,2012,3326709.0,3
八田,2013,3435949.0,3
八田,2014,3519910.0,3
八田,2015,3711239.0,3
六番町,1991,2811426.0,1
六番町,1992,2736020.0,1
六番町,1993,2727668.0,1
六番町,1994,2608352.0,1
六番町,1995,2623429.0,1
六番町,1996,2547279.0,1
六番町,1997,2565739.0,1
六番町,1998,2549452.0,1
六番町,1999,2400529.0,1
六番町,2000,2346518.0,1
六番町,2001,2405632.0,1
六番町,2002,2476129.0,1
六番町,2003,2609251.0,1
六番町,2004,2413042.0,1
六番町,2005,2456370.0,1
六番町,2006,2465241.0,1
六番町,2007,2419931.0,1
六番町,2008,2424660.0,1
六番町,2009,2376032.0,1
六番町,2010,2353540.0,1
六番町,2011,2365291.0,1
六番町,2012,2438644.0,1
六番町,2013,2531790.0,1
六番町,2014,2547548.0,1
六番町,2015,2611112.0,1
千種,1991,21897497.0,2
千種,1992,21887492.0,2
千種,1993,21602180.0,2
千種,1994,21377187.0,2
千種,1995,21650073.0,2
千種,1996,21388552.0,2
千種,1997,21146559.0,2
千種,1998,20950480.0,2
千種,1999,20585037.0,2
千種,2000,20407909.0,2
千種,2001,21287541.0,2
千種,2002,21397335.0,2
千種,2003,20350422.0,2
千種,2004,19378797.0,2
千種,2005,19738787.0,2
千種,2006,19843556.0,2
千種,2007,19927656.0,2
千種,2008,19986748.0,2
千種,2009,19372013.0,2
千種,2010,19446350.0,2
千種,2011,19211577.0,2
千種,2012,19271261.0,2
千種,2013,19717613.0,2
千種,2014,19566262.0,2
千種,2015,19986509.0,2
南大高,1991,0.0,0
南大高,1992,0.0,0
南大高,1993,0.0,0
南大高,1994,0.0,0
南大高,1995,0.0,0
南大高,1996,0.0,0
南大高,1997,0.0,0
南大高,1998,0.0,0
南大高,1999,0.0,0
南大高,2000,0.0,0
南大高,2001,0.0,0
南大高,2002,0.0,0
南大高,2003,0.0,0
南大高,2004,0.0,0
南大高,2005,0.0,0
南大高,2006,0.0,0
南大高,2007,0.0,0
南大高,2008,58783.0,1
南大高,2009,1153793.0,1
南大高,2010,1585417.0,1
南大高,2011,1763634.0,1
南大高,2012,1941339.0,1
南大高,2013,2064986.0,1
南大高,2014,2266966.0,1
南大高,2015,2363469.0,1
南荒子,2004,94969.0,1
南荒子,2005,242401.0,1
南荒子,2006,286215.0,1
南荒子,2007,307702.0,1
南荒子,2008,325276.0,1
南荒子,2009,340412.0,1
南荒子,2010,372878.0,1
南荒子,2011,400855.0,1
南荒子,2012,432047.0,1
南荒子,2013,449174.0,1
南荒子,2014,456967.0,1
南荒子,2015,473779.0,1
原,1991,4035753.0,1
原,1992,3864492.0,1
原,1993,3890400.0,1
原,1994,3475504.0,1
原,1995,3341239.0,1
原,1996,3276623.0,1
原,1997,3242805.0,1
原,1998,3206951.0,1
原,1999,3149954.0,1
原,2000,3201417.0,1
原,2001,3493570.0,1
原,2002,3570038.0,1
原,2003,3675349.0,1
原,2004,3561522.0,1
原,2005,3925524.0,1
原,2006,4047621.0,1
原,2007,4108046.0,1
原,2008,4113043.0,1
原,2009,4075995.0,1
原,2010,4047766.0,1
原,2011,3324927.0,1
原,2012,3381760.0,1
原,2013,3485407.0,1
原,2014,3476369.0,1
原,2015,3604582.0,1
名古屋,1991,214589961.0,8
名古屋,1992,214243723.0,8
名古屋,1993,211054236.0,8
名古屋,1994,205532879.0,8
名古屋,1995,205403669.0,8
名古屋,1996,203242210.0,8
名古屋,1997,197062667.0,8
名古屋,1998,195897294.0,8
名古屋,1999,192741382.0,8
名古屋,2000,195017500.0,8
名古屋,2001,203581883.0,8
名古屋,2002,203271456.0,8
名古屋,2003,199808330.0,8
名古屋,2004,200221551.0,9
名古屋,2005,209485187.0,9
名古屋,2006,205670650.0,9
名古屋,2007,210110332.0,9
名古屋,2008,209134485.0,9
名古屋,2009,202953764.0,9
名古屋,2010,204299546.0,9
名古屋,2011,206843142.0,9
名古屋,2012,211005526.0,9
名古屋,2013,217538786.0,9
名古屋,2014,215900694.0,9
名古屋,2015,222273991.0,9
名古屋大学,1991,0.0,0
名古屋大学,1992,0.0,0
名古屋大学,1993,0.0,0
名古屋大学,1994,0.0,0
名古屋大学,1995,0.0,0
名古屋大学,1996,0.0,0
名古屋大学,1997,0.0,0
名古屋大学,1998,0.0,0
名古屋大学,1999,0.0,0
名古屋大学,2000,0.0,0
名古屋大学,2001,0.0,0
名古屋大学,2002,0.0,0
名古屋大学,2003,663562.0,1
名古屋大学,2004,2634261.0,1
名古屋大学,2005,2895894.0,1
名古屋大学,2006,3138237.0,1
名古屋大学,2007,3265892.0,1
名古屋大学,2008,3497816.0,1
名古屋大学,2009,3637349.0,1
名古屋大学,2010,4251444.0,1
名古屋大学,2011,3672574.0,1
名古屋大学,2012,3798089.0,1
名古屋大学,2013,3867341.0,1
名古屋大学,2014,3909531.0,1
名古屋大学,2015,3999633.0,1
名古屋港,1991,1408588.0,1
名古屋港,1992,1762661.0,1
名古屋港,1993,2183765.0,1
名古屋港,1994,2110787.0,1
名古屋港,1995,1751826.0,1
名古屋港,1996,1560944.0,1
名古屋港,1997,1736743.0,1
名古屋港,1998,1503918.0,1
名古屋港,1999,1928692.0,1
名古屋港,2000,1378370.0,1
名古屋港,2001,2410864.0,1
名古屋港,2002,1979524.0,1
名古屋港,2003,1595719.0,1
名古屋港,2004,1721198.0,1
名古屋港,2005,2334880.0,1
名古屋港,2006,2064326.0,1
名古屋港,2007,2078925.0,1
名古屋港,2008,1852687.0,1
名古屋港,2009,1734760.0,1
名古屋港,2010,1690582.0,1
名古屋港,2011,1724879.0,1
名古屋港,2012,1805078.0,1
名古屋港,2013,1901465.0,1
名古屋港,2014,1861300.0,1
名古屋港,2015,1944235.0,1
名古屋競馬場前,2004,247449.0,1
名古屋競馬場前,2005,667459.0,1
名古屋競馬場前,2006,744420.0,1
名古屋競馬場前,2007,824749.0,1
名古屋競馬場前,2008,955634.0,1
名古屋競馬場前,2009,945641.0,1
名古屋競馬場前,2010,975853.0,1
名古屋競馬場前,2011,1017105.0,1
名古屋競馬場前,2012,1037106.0,1
名古屋競馬場前,2013,1054561.0,1
名古屋競馬場前,2014,1114314.0,1
名古屋競馬場前,2015,1117794.0,1
名城公園,1991,1958769.0,2
名城公園,1992,1787287.0,2
名城公園,1993,1651400.0,2
名城公園,1994,1566398.0,2
名城公園,1995,1690368.0,2
名城公園,1996,1464735.0,2
名城公園,1997,1449008.0,2
名城公園,1998,1415187.0,2
名城公園,1999,1362695.0,2
名城公園,2000,1317818.0,2
名城公園,2001,1399893.0,2
名城公園,2002,1363151.0,2
名城公園,2003,1588315.0,2
名城公園,2004,1561842.0,2
名城公園,2005,1590561.0,2
名城公園,2006,1584039.0,2
名城公園,2007,1647189.0,2
名城公園,2008,1645648.0,2
名城公園,2009,1709898.0,2
名城公園,2010,1706826.0,2
名城公園,2011,1756900.0,2
名城公園,2012,1764349.0,2
名城公園,2013,1751576.0,2
名城公園,2014,1975990.0,2
名城公園,2015,2035595.0,2
名鉄堀田,1991,3504814.0,1
名鉄堀田,1992,3442298.0,1
名鉄堀田,1993,3346172.0,1
名鉄堀田,1994,3196563.0,1
名鉄堀田,1995,3069886.0,1
名鉄堀田,1996,2895784.0,1
名鉄堀田,1997,2744416.0,1
名鉄堀田,1998,2629163.0,1
名鉄堀田,1999,2579481.0,1
名鉄堀田,2000,2517039.0,1
名鉄堀田,2001,2410973.0,1
名鉄堀田,2002,2417199.0,1
名鉄堀田,2003,2415492.0,1
名鉄堀田,2004,2369467.0,1
名鉄堀田,2005,2465051.0,1
名鉄堀田,2006,2509939.0,1
名鉄堀田,2007,2552759.0,1
名鉄堀田,2008,2530624.0,1
名鉄堀田,2009,2414843.0,1
名鉄堀田,2010,2380540.0,1
名鉄堀田,2011,2362677.0,1
名鉄堀田,2012,2377096.0,1
名鉄堀田,2013,2452214.0,1
名鉄堀田,2014,2469507.0,1
名鉄堀田,2015,2519435.0,1
吹上,1991,0.0,0
吹上,1992,0.0,0
吹上,1993,5600.0,1
吹上,1994,1396144.0,1
吹上,1995,1572565.0,1
吹上,1996,1639424.0,1
吹上,1997,1637833.0,1
吹上,1998,2058730.0,1
吹上,1999,1856151.0,1
吹上,2000,1961876.0,1
吹上,2001,2141684.0,1
吹上,2002,2250465.0,1
吹上,2003,2414800.0,1
吹上,2004,2282423.0,1
吹上,2005,2275538.0,1
吹上,2006,2273438.0,1
吹上,2007,2247425.0,1
吹上,2008,2282632.0,1
吹上,2009,2252576.0,1
吹上,2010,2215552.0,1
吹上,2011,2391401.0,1
吹上,2012,2441213.0,1
吹上,2013,2539316.0,1
吹上,2014,2534022.0,1
吹上,2015,2654100.0,1
味鋺,1991,409157.0,1
味鋺,1992,397405.0,1
味鋺,1993,369678.0,1
味鋺,1994,346379.0,1
味鋺,1995,322545.0,1
味鋺,1996,299422.0,1
味鋺,1997,285060.0,1
味鋺,1998,265123.0,1
味鋺,1999,262369.0,1
味鋺,2000,248644.0,1
味鋺,2001,229127.0,1
味鋺,2002,226365.0,1
味鋺,2003,435508.0,1
味鋺,2004,564849.0,1
味鋺,2005,628981.0,1
味鋺,2006,651016.0,1
味鋺,2007,672279.0,1
味鋺,2008,695038.0,1
味鋺,2009,686077.0,1
味鋺,2010,708468.0,1
味鋺,2011,709925.0,1
味鋺,2012,705755.0,1
味鋺,2013,734613.0,1
味鋺,2014,745350.0,1
味鋺,2015,778484.0,1
呼続,1991,516716.0,1
呼続,1992,509511.0,1
呼続,1993,500688.0,1
呼続,1994,462434.0,1
呼続,1995,445745.0,1
呼続,1996,414266.0,1
呼続,1997,395846.0,1
呼続,1998,381258.0,1
呼続,1999,369099.0,1
呼続,2000,360470.0,1
呼続,2001,350486.0,1
呼続,2002,336145.0,1
呼続,2003,321375.0,1
呼続,2004,310112.0,1
呼続,2005,309128.0,1
呼続,2006,305606.0,1
呼続,2007,307136.0,1
呼続,2008,302112.0,1
呼続,2009,308849.0,1
呼続,2010,369554.0,1
呼続,2011,374326.0,1
呼続,2012,377880.0,1
呼続,2013,394025.0,1
呼続,2014,388741.0,1
呼続,2015,408634.0,1
喜多山,1991,1551546.0,1
喜多山,1992,1522295.0,1
喜多山,1993,1506555.0,1
喜多山,1994,1470474.0,1
喜多山,1995,1452707.0,1
喜多山,1996,1421899.0,1
喜多山,1997,1356668.0,1
喜多山,1998,1422412.0,1
喜多山,1999,1363043.0,1
喜多山,2000,1286366.0,1
喜多山,2001,1233125.0,1
喜多山,2002,1163571.0,1
喜多山,2003,1124260.0,1
喜多山,2004,1079750.0,1
喜多山,2005,1061569.0,1
喜多山,2006,1068314.0,1
喜多山,2007,1062309.0,1
喜多山,2008,1061814.0,1
喜多山,2009,1018965.0,1
喜多山,2010,1038776.0,1
喜多山,2011,1046805.0,1
喜多山,2012,1045060.0,1
喜多山,2013,1094495.0,1
喜多山,2014,1115744.0,1
喜多山,2015,1159674.0,1
国際ｾﾝﾀｰ,1991,1364066.0,1
国際ｾﾝﾀｰ,1992,1476288.0,1
国際ｾﾝﾀｰ,1993,1526098.0,1
国際ｾﾝﾀｰ,1994,1639510.0,1
国際ｾﾝﾀｰ,1995,1772898.0,1
国際ｾﾝﾀｰ,1996,1780078.0,1
国際ｾﾝﾀｰ,1997,1707933.0,1
国際ｾﾝﾀｰ,1998,1815113.0,1
国際ｾﾝﾀｰ,1999,1798371.0,1
国際ｾﾝﾀｰ,2000,1697369.0,1
国際ｾﾝﾀｰ,2001,1796341.0,1
国際ｾﾝﾀｰ,2002,1917393.0,1
国際ｾﾝﾀｰ,2003,1890832.0,1
国際ｾﾝﾀｰ,2004,1592253.0,1
国際ｾﾝﾀｰ,2005,1534688.0,1
国際ｾﾝﾀｰ,2006,1536285.0,1
国際ｾﾝﾀｰ,2007,1551537.0,1
国際ｾﾝﾀｰ,2008,1554543.0,1
国際ｾﾝﾀｰ,2009,1539584.0,1
国際ｾﾝﾀｰ,2010,1551913.0,1
国際ｾﾝﾀｰ,2011,1647031.0,1
国際ｾﾝﾀｰ,2012,1709602.0,1
国際ｾﾝﾀｰ,2013,1798656.0,1
国際ｾﾝﾀｰ,2014,1897757.0,1
国際ｾﾝﾀｰ,2015,2038330.0,1
堀田,1991,2019171.0,1
堀田,1992,1933821.0,1
堀田,1993,1828759.0,1
堀田,1994,1856810.0,1
堀田,1995,1898417.0,1
堀田,1996,1901231.0,1
堀田,1997,1939484.0,1
堀田,1998,1848287.0,1
堀田,1999,1680660.0,1
堀田,2000,1792926.0,1
堀田,2001,1841031.0,1
堀田,2002,2004859.0,1
堀田,2003,2079869.0,1
堀田,2004,2043849.0,1
堀田,2005,2309216.0,1
堀田,2006,2438415.0,1
堀田,2007,2546841.0,1
堀田,2008,2550212.0,1
堀田,2009,2488626.0,1
堀田,2010,2473802.0,1
堀田,2011,2482648.0,1
堀田,2012,2537314.0,1
堀田,2013,2654443.0,1
堀田,2014,2662137.0,1
堀田,2015,2745249.0,1
塩釜口,1991,3691240.0,1
塩釜口,1992,3557833.0,1
塩釜口,1993,3558169.0,1
塩釜口,1994,3441676.0,1
塩釜口,1995,3605484.0,1
塩釜口,1996,3546673.0,1
塩釜口,1997,3692410.0,1
塩釜口,1998,3645854.0,1
塩釜口,1999,3605901.0,1
塩釜口,2000,3551693.0,1
塩釜口,2001,3892603.0,1
塩釜口,2002,4208449.0,1
塩釜口,2003,4012190.0,1
塩釜口,2004,3815999.0,1
塩釜口,2005,4208094.0,1
塩釜口,2006,4472991.0,1
塩釜口,2007,4659438.0,1
塩釜口,2008,4757303.0,1
塩釜口,2009,4652797.0,1
塩釜口,2010,4902127.0,1
塩釜口,2011,4278775.0,1
塩釜口,2012,4360246.0,1
塩釜口,2013,4515170.0,1
塩釜口,2014,4541592.0,1
塩釜口,2015,4625057.0,1
大同町,1991,2211641.0,1
大同町,1992,2218608.0,1
大同町,1993,2187999.0,1
大同町,1994,2109869.0,1
大同町,1995,2085135.0,1
大同町,1996,1980251.0,1
大同町,1997,1878851.0,1
大同町,1998,1897074.0,1
大同町,1999,1866649.0,1
大同町,2000,1827074.0,1
大同町,2001,1810749.0,1
大同町,2002,1837787.0,1
大同町,2003,1853565.0,1
大同町,2004,1901683.0,1
大同町,2005,1979237.0,1
大同町,2006,2011919.0,1
大同町,2007,2032125.0,1
大同町,2008,2010233.0,1
大同町,2009,1977947.0,1
大同町,2010,2050195.0,1
大同町,2011,2113237.0,1
大同町,2012,2145204.0,1
大同町,2013,2282730.0,1
大同町,2014,2218307.0,1
大同町,2015,2270925.0,1
大曽根,1991,15876252.0,4
大曽根,1992,16478504.0,4
大曽根,1993,16900830.0,4
大曽根,1994,16995929.0,4
大曽根,1995,16989010.0,4
大曽根,1996,16847147.0,4
大曽根,1997,17603320.0,4
大曽根,1998,17438436.0,4
大曽根,1999,17014497.0,4
大曽根,2000,15662266.0,4
大曽根,2001,15931811.0,4
大曽根,2002,15987624.0,4
大曽根,2003,16797058.0,4
大曽根,2004,17680778.0,4
大曽根,2005,18649171.0,4
大曽根,2006,19578984.0,4
大曽根,2007,20513883.0,4
大曽根,2008,21030619.0,4
大曽根,2009,20950921.0,4
大曽根,2010,21459452.0,4
大曽根,2011,21685565.0,4
大曽根,2012,21865165.0,4
大曽根,2013,22836410.0,4
大曽根,2014,23106977.0,4
大曽根,2015,24026625.0,4
大森・金城学院前,1991,2218638.0,1
大森・金城学院前,1992,2287443.0,1
大森・金城学院前,1993,2366762.0,1
大森・金城学院前,1994,2299541.0,1
大森・金城学院前,1995,2284027.0,1
大森・金城学院前,1996,2163640.0,1
大森・金城学院前,1997,2087737.0,1
大森・金城学院前,1998,2023565.0,1
大森・金城学院前,1999,2001663.0,1
大森・金城学院前,2000,1932655.0,1
大森・金城学院前,2001,1849628.0,1
大森・金城学院前,2002,1871075.0,1
大森・金城学院前,2003,1927474.0,1
大森・金城学院前,2004,1993497.0,1
大森・金城学院前,2005,2103761.0,1
大森・金城学院前,2006,2132697.0,1
大森・金城学院前,2007,2185144.0,1
大森・金城学院前,2008,2169477.0,1
大森・金城学院前,2009,2110132.0,1
大森・金城学院前,2010,2104057.0,1
大森・金城学院前,2011,2203231.0,1
大森・金城学院前,2012,2263863.0,1
大森・金城学院前,2013,2334781.0,1
大森・金城学院前,2014,2281210.0,1
大森・金城学院前,2015,2366060.0,1
大江,1991,1118958.0,1
大江,1992,1098335.0,1
大江,1993,1064585.0,1
大江,1994,1030599.0,1
大江,1995,1012548.0,1
大江,1996,953468.0,1
大江,1997,900133.0,1
大江,1998,850200.0,1
大江,1999,805521.0,1
大江,2000,815074.0,1
大江,2001,813037.0,1
大江,2002,801827.0,1
大江,2003,798527.0,1
大江,2004,859156.0,1
大江,2005,898312.0,1
大江,2006,946525.0,1
大江,2007,965802.0,1
大江,2008,992157.0,1
大江,2009,930842.0,1
大江,2010,916270.0,1
大江,2011,940771.0,1
大江,2012,944264.0,1
大江,2013,974838.0,1
大江,2014,961397.0,1
大江,2015,995883.0,1
大須観音,1991,1841700.0,1
大須観音,1992,1775222.0,1
大須観音,1993,1872421.0,1
大須観音,1994,1867034.0,1
大須観音,1995,1879749.0,1
大須観音,1996,1937623.0,1
大須観音,1997,1990697.0,1
大須観音,1998,2140831.0,1
大須観音,1999,2059485.0,1
大須観音,2000,2029371.0,1
大須観音,2001,2380457.0,1
大須観音,2002,2224644.0,1
大須観音,2003,2254498.0,1
大須観音,2004,2438532.0,1
大須観音,2005,2440339.0,1
大須観音,2006,2436182.0,1
大須観音,2007,2455770.0,1
大須観音,2008,2493543.0,1
大須観音,2009,2420442.0,1
大須観音,2010,2430499.0,1
大須観音,2011,2622287.0,1
大須観音,2012,2776045.0,1
大須観音,2013,2930100.0,1
大須観音,2014,2970899.0,1
大須観音,2015,3139573.0,1
大高,1991,1923610.0,1
大高,1992,1975303.0,1
大高,1993,1998189.0,1
大高,1994,2004829.0,1
大高,1995,2022143.0,1
大高,1996,2049599.0,1
大高,1997,1998408.0,1
大高,1998,1979767.0,1
大高,1999,2025130.0,1
大高,2000,2062795.0,1
大高,2001,2066792.0,1
大高,2002,2040926.0,1
大高,2003,2073529.0,1
大高,2004,2086733.0,1
大高,2005,2155365.0,1
大高,2006,2183736.0,1
大高,2007,2279237.0,1
大高,2008,2413961.0,1
大高,2009,1718002.0,1
大高,2010,1634808.0,1
大高,2011,1567144.0,1
大高,2012,1536068.0,1
大高,2013,1540118.0,1
大高,2014,1537697.0,1
大高,2015,1571958.0,1
妙音通,1991,638665.0,1
妙音通,1992,600915.0,1
妙音通,1993,602143.0,1
妙音通,1994,535234.0,1
妙音通,1995,527074.0,1
妙音通,1996,514534.0,1
妙音通,1997,490296.0,1
妙音通,1998,474759.0,1
妙音通,1999,477067.0,1
妙音通,2000,458600.0,1
妙音通,2001,477067.0,1
妙音通,2002,479581.0,1
妙音通,2003,641120.0,1
妙音通,2004,604355.0,1
妙音通,2005,669540.0,1
妙音通,2006,687424.0,1
妙音通,2007,708960.0,1
妙音通,2008,695442.0,1
妙音通,2009,707431.0,1
妙音通,2010,665341.0,1
妙音通,2011,677824.0,1
妙音通,2012,670287.0,1
妙音通,2013,671007.0,1
妙音通,2014,679963.0,1
妙音通,2015,711269.0,1
守山自衛隊前,1991,562264.0,1
守山自衛隊前,1992,562242.0,1
守山自衛隊前,1993,553865.0,1
守山自衛隊前,1994,524324.0,1
守山自衛隊前,1995,521259.0,1
守山自衛隊前,1996,503070.0,1
守山自衛隊前,1997,498200.0,1
守山自衛隊前,1998,506431.0,1
守山自衛隊前,1999,469398.0,1
守山自衛隊前,2000,432761.0,1
守山自衛隊前,2001,409029.0,1
守山自衛隊前,2002,395324.0,1
守山自衛隊前,2003,380123.0,1
守山自衛隊前,2004,377274.0,1
守山自衛隊前,2005,363615.0,1
守山自衛隊前,2006,375111.0,1
守山自衛隊前,2007,388565.0,1
守山自衛隊前,2008,400676.0,1
守山自衛隊前,2009,397130.0,1
守山自衛隊前,2010,408258.0,1
守山自衛隊前,2011,419512.0,1
守山自衛隊前,2012,422632.0,1
守山自衛隊前,2013,434280.0,1
守山自衛隊前,2014,430955.0,1
守山自衛隊前,2015,454300.0,1
小幡,1991,2305251.0,1
小幡,1992,2371168.0,1
小幡,1993,2308428.0,1
小幡,1994,2266348.0,1
小幡,1995,2208276.0,1
小幡,1996,2129706.0,1
小幡,1997,2063909.0,1
小幡,1998,2016481.0,1
小幡,1999,2096474.0,1
小幡,2000,2122546.0,1
小幡,2001,2044832.0,1
小幡,2002,2033276.0,1
小幡,2003,2048434.0,1
小幡,2004,2048778.0,1
小幡,2005,2077678.0,1
小幡,2006,2030720.0,1
小幡,2007,2054485.0,1
小幡,2008,2098579.0,1
小幡,2009,2017264.0,1
小幡,2010,2024026.0,1
小幡,2011,2033211.0,1
小幡,2012,2097413.0,1
小幡,2013,2190118.0,1
小幡,2014,2225403.0,1
小幡,2015,2295264.0,1
小本,2004,88288.0,1
小本,2005,239760.0,1
小本,2006,279385.0,1
小本,2007,309664.0,1
小本,2008,315349.0,1
小本,2009,334580.0,1
小本,2010,361523.0,1
小本,2011,379470.0,1
小本,2012,386098.0,1
小本,2013,407343.0,1
小本,2014,433900.0,1
小本,2015,446431.0,1
尼ヶ坂,1991,654395.0,1
尼ヶ坂,1992,653325.0,1
尼ヶ坂,1993,656593.0,1
尼ヶ坂,1994,638695.0,1
尼ヶ坂,1995,645018.0,1
尼ヶ坂,1996,625571.0,1
尼ヶ坂,1997,603523.0,1
尼ヶ坂,1998,593637.0,1
尼ヶ坂,1999,563275.0,1
尼ヶ坂,2000,563335.0,1
尼ヶ坂,2001,545632.0,1
尼ヶ坂,2002,516029.0,1
尼ヶ坂,2003,503391.0,1
尼ヶ坂,2004,519151.0,1
尼ヶ坂,2005,549597.0,1
尼ヶ坂,2006,549067.0,1
尼ヶ坂,2007,555883.0,1
尼ヶ坂,2008,567181.0,1
尼ヶ坂,2009,567513.0,1
尼ヶ坂,2010,564063.0,1
尼ヶ坂,2011,577795.0,1
尼ヶ坂,2012,588589.0,1
尼ヶ坂,2013,602705.0,1
尼ヶ坂,2014,573562.0,1
尼ヶ坂,2015,608997.0,1
尾頭橋,1991,0.0,0
尾頭橋,1992,0.0,0
尾頭橋,1993,0.0,0
尾頭橋,1994,30004.0,1
尾頭橋,1995,1108909.0,1
尾頭橋,1996,1311517.0,1
尾頭橋,1997,1123166.0,1
尾頭橋,1998,1133503.0,1
尾頭橋,1999,1112718.0,1
尾頭橋,2000,1114116.0,1
尾頭橋,2001,1109931.0,1
尾頭橋,2002,1103052.0,1
尾頭橋,2003,1117435.0,1
尾頭橋,2004,1128958.0,1
尾頭橋,2005,1153179.0,1
尾頭橋,2006,1211059.0,1
尾頭橋,2007,1249866.0,1
尾頭橋,2008,1270002.0,1
尾頭橋,2009,1224372.0,1
尾頭橋,2010,1220084.0,1
尾頭橋,2011,1203620.0,1
尾頭橋,2012,1184523.0,1
尾頭橋,2013,1132734.0,1
尾頭橋,2014,1134226.0,1
尾頭橋,2015,1199004.0,1
岩塚,1991,2777982.0,1
岩塚,1992,2686763.0,1
岩塚,1993,2698089.0,1
岩塚,1994,2670070.0,1
岩塚,1995,2558791.0,1
岩塚,1996,2534579.0,1
岩塚,1997,2521900.0,1
岩塚,1998,2486533.0,1
岩塚,1999,2397333.0,1
岩塚,2000,2425821.0,1
岩塚,2001,2510366.0,1
岩塚,2002,2555039.0,1
岩塚,2003,2582961.0,1
岩塚,2004,2546112.0,1
岩塚,2005,2641655.0,1
岩塚,2006,2690014.0,1
岩塚,2007,2788276.0,1
岩塚,2008,2868625.0,1
岩塚,2009,2905899.0,1
岩塚,2010,2870634.0,1
岩塚,2011,2818925.0,1
岩塚,2012,2918788.0,1
岩塚,2013,2991662.0,1
岩塚,2014,2915694.0,1
岩塚,2015,3007306.0,1
川名,1991,1825063.0,1
川名,1992,1860535.0,1
川名,1993,1811362.0,1
川名,1994,1643683.0,1
川名,1995,1716497.0,1
川名,1996,1710073.0,1
川名,1997,1691897.0,1
川名,1998,1726923.0,1
川名,1999,1588157.0,1
川名,2000,1546666.0,1
川名,2001,1675198.0,1
川名,2002,1760167.0,1
川名,2003,1689903.0,1
川名,2004,1652822.0,1
川名,2005,1743289.0,1
川名,2006,1783838.0,1
川名,2007,1780252.0,1
川名,2008,1818988.0,1
川名,2009,1724315.0,1
川名,2010,1684694.0,1
川名,2011,1752592.0,1
川名,2012,1813461.0,1
川名,2013,1894749.0,1
川名,2014,1923502.0,1
川名,2015,1996137.0,1
左京山,1991,976658.0,1
左京山,1992,955257.0,1
左京山,1993,926200.0,1
左京山,1994,881806.0,1
左京山,1995,894032.0,1
左京山,1996,860495.0,1
左京山,1997,826987.0,1
左京山,1998,810095.0,1
左京山,1999,766180.0,1
左京山,2000,746806.0,1
左京山,2001,738601.0,1
左京山,2002,741120.0,1
左京山,2003,740535.0,1
左京山,2004,739405.0,1
左京山,2005,724248.0,1
左京山,2006,724246.0,1
左京山,2007,716217.0,1
左京山,2008,702965.0,1
左京山,2009,686335.0,1
左京山,2010,712812.0,1
左京山,2011,715636.0,1
左京山,2012,725250.0,1
左京山,2013,765169.0,1
左京山,2014,774603.0,1
左京山,2015,817118.0,1
市役所,1991,8406835.0,2
市役所,1992,8232887.0,2
市役所,1993,8035309.0,2
市役所,1994,7821458.0,2
市役所,1995,8024284.0,2
市役所,1996,7833471.0,2
市役所,1997,7865317.0,2
市役所,1998,7633735.0,2
市役所,1999,8124175.0,2
市役所,2000,7545657.0,2
市役所,2001,7990076.0,2
市役所,2002,7986895.0,2
市役所,2003,7861229.0,2
市役所,2004,6839597.0,2
市役所,2005,7368221.0,2
市役所,2006,7112442.0,2
市役所,2007,7166725.0,2
市役所,2008,7076285.0,2
市役所,2009,7123672.0,2
市役所,2010,7019292.0,2
市役所,2011,6979139.0,2
市役所,2012,7124855.0,2
市役所,2013,7335550.0,2
市役所,2014,7372970.0,2
市役所,2015,7510479.0,2
平安通,1991,3320017.0,2
平安通,1992,3255846.0,2
平安通,1993,3217203.0,2
平安通,1994,3104134.0,2
平安通,1995,3076055.0,2
平安通,1996,2979080.0,2
平安通,1997,3012567.0,2
平安通,1998,2713127.0,2
平安通,1999,2606094.0,2
平安通,2000,2593170.0,2
平安通,2001,2793736.0,2
平安通,2002,2806019.0,3
平安通,2003,1994861.0,3
平安通,2004,2030558.0,3
平安通,2005,2106024.0,3
平安通,2006,2130120.0,3
平安通,2007,2149624.0,3
平安通,2008,2107726.0,3
平安通,2009,2067866.0,3
平安通,2010,1996378.0,3
平安通,2011,2007153.0,3
平安通,2012,2068576.0,3
平安通,2013,2123832.0,3
平安通,2014,2117631.0,3
平安通,2015,2199169.0,3
平針,1991,2156328.0,1
平針,1992,2273814.0,1
平針,1993,2210885.0,1
平針,1994,2324766.0,1
平針,1995,2436671.0,1
平針,1996,2486406.0,1
平針,1997,2404880.0,1
平針,1998,2421665.0,1
平針,1999,2482059.0,1
平針,2000,2454414.0,1
平針,2001,2759789.0,1
平針,2002,2713723.0,1
平針,2003,2803794.0,1
平針,2004,2696177.0,1
平針,2005,2821137.0,1
平針,2006,2896337.0,1
平針,2007,2928967.0,1
平針,2008,2916019.0,1
平針,2009,2836214.0,1
平針,2010,2803465.0,1
平針,2011,2647268.0,1
平針,2012,2667415.0,1
平針,2013,2800426.0,1
平針,2014,2835546.0,1
平針,2015,2949423.0,1
庄内緑地公園,1991,2735239.0,1
庄内緑地公園,1992,2565288.0,1
庄内緑地公園,1993,2643772.0,1
庄内緑地公園,1994,2000257.0,1
庄内緑地公園,1995,1810516.0,1
庄内緑地公園,1996,1784877.0,1
庄内緑地公園,1997,1620927.0,1
庄内緑地公園,1998,1512596.0,1
庄内緑地公園,1999,1414444.0,1
庄内緑地公園,2000,1347720.0,1
庄内緑地公園,2001,1425174.0,1
庄内緑地公園,2002,1433269.0,1
庄内緑地公園,2003,1440834.0,1
庄内緑地公園,2004,1400517.0,1
庄内緑地公園,2005,1421427.0,1
庄内緑地公園,2006,1440437.0,1
庄内緑地公園,2007,1443486.0,1
庄内緑地公園,2008,1415125.0,1
庄内緑地公園,2009,1397470.0,1
庄内緑地公園,2010,1355208.0,1
庄内緑地公園,2011,1346940.0,1
庄内緑地公園,2012,1391240.0,1
庄内緑地公園,2013,1432121.0,1
庄内緑地公園,2014,1478201.0,1
庄内緑地公園,2015,1561332.0,1
庄内通,1991,2067849.0,1
庄内通,1992,2033436.0,1
庄内通,1993,2119564.0,1
庄内通,1994,2070037.0,1
庄内通,1995,2146188.0,1
庄内通,1996,2111299.0,1
庄内通,1997,2100628.0,1
庄内通,1998,2097223.0,1
庄内通,1999,2011028.0,1
庄内通,2000,2049112.0,1
庄内通,2001,2145429.0,1
庄内通,2002,2214413.0,1
庄内通,2003,2277802.0,1
庄内通,2004,2251539.0,1
庄内通,2005,2237340.0,1
庄内通,2006,2219319.0,1
庄内通,2007,2217942.0,1
庄内通,2008,2213102.0,1
庄内通,2009,2121052.0,1
庄内通,2010,2106803.0,1
庄内通,2011,2059790.0,1
庄内通,2012,2125969.0,1
庄内通,2013,2351513.0,1
庄内通,2014,2440037.0,1
庄内通,2015,2555200.0,1
御器所,1991,3264060.0,1
御器所,1992,3116667.0,1
御器所,1993,3054595.0,2
御器所,1994,2514828.0,2
御器所,1995,2675444.0,2
御器所,1996,2834997.0,2
御器所,1997,2933297.0,2
御器所,1998,2906454.0,2
御器所,1999,3000607.0,2
御器所,2000,3202470.0,2
御器所,2001,3474344.0,2
御器所,2002,3488874.0,2
御器所,2003,3606934.0,2
御器所,2004,3479508.0,2
御器所,2005,3639316.0,2
御器所,2006,3661450.0,2
御器所,2007,3700376.0,2
御器所,2008,3727688.0,2
御器所,2009,3769997.0,2
御器所,2010,3804961.0,2
御器所,2011,3730027.0,2
御器所,2012,3748178.0,2
御器所,2013,3836397.0,2
御器所,2014,3901791.0,2
御器所,2015,4100163.0,2
徳重,1991,0.0,0
徳重,1992,0.0,0
徳重,1993,0.0,0
徳重,1994,0.0,0
徳重,1995,0.0,0
徳重,1996,0.0,0
徳重,1997,0.0,0
徳重,1998,0.0,0
徳重,1999,0.0,0
徳重,2000,0.0,0
徳重,2001,0.0,0
徳重,2002,0.0,0
徳重,2003,0.0,0
徳重,2004,0.0,0
徳重,2005,0.0,0
徳重,2006,0.0,0
徳重,2007,0.0,0
徳重,2008,0.0,0
徳重,2009,0.0,0
徳重,2010,48880.0,1
徳重,2011,2449269.0,1
徳重,2012,2706752.0,1
徳重,2013,3006803.0,1
徳重,2014,3161418.0,1
徳重,2015,3372040.0,1
志賀本通,1991,2051206.0,2
志賀本通,1992,1997564.0,2
志賀本通,1993,1972771.0,2
志賀本通,1994,1929027.0,2
志賀本通,1995,1978965.0,2
志賀本通,1996,1954500.0,2
志賀本通,1997,1913429.0,2
志賀本通,1998,1884344.0,2
志賀本通,1999,1778741.0,2
志賀本通,2000,1894013.0,2
志賀本通,2001,1950615.0,2
志賀本通,2002,1946198.0,2
志賀本通,2003,2103125.0,2
志賀本通,2004,2041346.0,2
志賀本通,2005,2079279.0,2
志賀本通,2006,2119602.0,2
志賀本通,2007,2226474.0,2
志賀本通,2008,2166396.0,2
志賀本通,2009,2142519.0,2
志賀本通,2010,2064100.0,2
志賀本通,2011,2077150.0,2
志賀本通,2012,2110851.0,2
志賀本通,2013,2149752.0,2
志賀本通,2014,2170858.0,2
志賀本通,2015,2280535.0,2
戸田,1991,965953.0,1
戸田,1992,966713.0,1
戸田,1993,982494.0,1
戸田,1994,958107.0,1
戸田,1995,961205.0,1
戸田,1996,962793.0,1
戸田,1997,938188.0,1
戸田,1998,929747.0,1
戸田,1999,921588.0,1
戸田,2000,876822.0,1
戸田,2001,742120.0,1
戸田,2002,702489.0,1
戸田,2003,676892.0,1
戸田,2004,670702.0,1
戸田,2005,668138.0,1
戸田,2006,679848.0,1
戸田,2007,687627.0,1
戸田,2008,689974.0,1
戸田,2009,679433.0,1
戸田,2010,675601.0,1
戸田,2011,676033.0,1
戸田,2012,667513.0,1
戸田,2013,692476.0,1
戸田,2014,678755.0,1
戸田,2015,715928.0,1
新守山,1991,2424531.0,1
新守山,1992,2575720.0,1
新守山,1993,2624304.0,1
新守山,1994,2651992.0,1
新守山,1995,2754782.0,1
新守山,1996,2792236.0,1
新守山,1997,2747862.0,1
新守山,1998,2710003.0,1
新守山,1999,2706844.0,1
新守山,2000,2765439.0,1
新守山,2001,2601362.0,1
新守山,2002,2569501.0,1
新守山,2003,2618014.0,1
新守山,2004,2652524.0,1
新守山,2005,2721001.0,1
新守山,2006,2658528.0,1
新守山,2007,2671651.0,1
新守山,2008,2706723.0,1
新守山,2009,2698219.0,1
新守山,2010,2731721.0,1
新守山,2011,2712374.0,1
新守山,2012,2731474.0,1
新守山,2013,2839951.0,1
新守山,2014,2812051.0,1
新守山,2015,2893245.0,1
新栄町,1991,6316078.0,1
新栄町,1992,5973635.0,1
新栄町,1993,5587373.0,1
新栄町,1994,5338121.0,1
新栄町,1995,5197353.0,1
新栄町,1996,5289271.0,1
新栄町,1997,4958814.0,1
新栄町,1998,4810240.0,1
新栄町,1999,4841354.0,1
新栄町,2000,4619737.0,1
新栄町,2001,5156228.0,1
新栄町,2002,5046156.0,1
新栄町,2003,4817846.0,1
新栄町,2004,4507292.0,1
新栄町,2005,4471237.0,1
新栄町,2006,4447937.0,1
新栄町,2007,4484272.0,1
新栄町,2008,4461487.0,1
新栄町,2009,4482760.0,1
新栄町,2010,4499859.0,1
新栄町,2011,4614773.0,1
新栄町,2012,4780662.0,1
新栄町,2013,4929171.0,1
新栄町,2014,4898763.0,1
新栄町,2015,5081327.0,1
新瑞橋,1991,4849695.0,1
新瑞橋,1992,4669785.0,1
新瑞橋,1993,4895284.0,2
新瑞橋,1994,3642587.0,2
新瑞橋,1995,3672221.0,2
新瑞橋,1996,3950871.0,2
新瑞橋,1997,4027671.0,2
新瑞橋,1998,3510467.0,2
新瑞橋,1999,3508159.0,2
新瑞橋,2000,3479651.0,2
新瑞橋,2001,3733457.0,2
新瑞橋,2002,3879092.0,2
新瑞橋,2003,4290786.0,2
新瑞橋,2004,3999238.0,2
新瑞橋,2005,3936602.0,2
新瑞橋,2006,3998245.0,2
新瑞橋,2007,4011545.0,2
新瑞橋,2008,4018122.0,2
新瑞橋,2009,4094896.0,2
新瑞橋,2010,4382233.0,2
新瑞橋,2011,4509673.0,2
新瑞橋,2012,4590018.0,2
新瑞橋,2013,4583656.0,2
新瑞橋,2014,4622668.0,2
新瑞橋,2015,4683203.0,2
日比野,1991,1860686.0,1
日比野,1992,2146031.0,1
日比野,1993,2221659.0,1
日比野,1994,2844134.0,1
日比野,1995,2507505.0,1
日比野,1996,2071448.0,1
日比野,1997,2770163.0,1
日比野,1998,2725913.0,1
日比野,1999,2592207.0,1
日比野,2000,2078506.0,1
日比野,2001,2744114.0,1
日比野,2002,2354854.0,1
日比野,2003,2624532.0,1
日比野,2004,2471462.0,1
日比野,2005,2503953.0,1
日比野,2006,2566025.0,1
日比野,2007,2980374.0,1
日比野,2008,3017778.0,1
日比野,2009,2929898.0,1
日比野,2010,3036995.0,1
日比野,2011,2951124.0,1
日比野,2012,2992533.0,1
日比野,2013,3001427.0,1
日比野,2014,3040931.0,1
日比野,2015,3132906.0,1
星ケ丘,1991,8644678.0,1
星ケ丘,1992,8358669.0,1
星ケ丘,1993,9095457.0,1
星ケ丘,1994,8460087.0,1
星ケ丘,1995,8647648.0,1
星ケ丘,1996,8531472.0,1
星ケ丘,1997,8202596.0,1
星ケ丘,1998,7964335.0,1
星ケ丘,1999,7839108.0,1
星ケ丘,2000,7581229.0,1
星ケ丘,2001,7606078.0,1
星ケ丘,2002,8397622.0,1
星ケ丘,2003,8992847.0,1
星ケ丘,2004,8411304.0,1
星ケ丘,2005,8737600.0,1
星ケ丘,2006,8932315.0,1
星ケ丘,2007,9073756.0,1
星ケ丘,2008,9080168.0,1
星ケ丘,2009,8950960.0,1
星ケ丘,2010,9364697.0,1
星ケ丘,2011,8867104.0,1
星ケ丘,2012,9096004.0,1
星ケ丘,2013,9353031.0,1
星ケ丘,2014,9355896.0,1
星ケ丘,2015,9623423.0,1
春田,1991,0.0,0
春田,1992,0.0,0
春田,1993,0.0,0
春田,1994,0.0,0
春田,1995,0.0,0
春田,1996,0.0,0
春田,1997,0.0,0
春田,1998,0.0,0
春田,1999,0.0,0
春田,2000,36598.0,1
春田,2001,588142.0,1
春田,2002,732011.0,1
春田,2003,825179.0,1
春田,2004,910827.0,1
春田,2005,990924.0,1
春田,2006,1024758.0,1
春田,2007,1086947.0,1
春田,2008,1110468.0,1
春田,2009,1139189.0,1
春田,2010,1193773.0,1
春田,2011,1207335.0,1
春田,2012,1231347.0,1
春田,2013,1275733.0,1
春田,2014,1290080.0,1
春田,2015,1313675.0,1
有松,1991,2314133.0,1
有松,1992,2259589.0,1
有松,1993,2268053.0,1
有松,1994,2207001.0,1
有松,1995,2194986.0,1
有松,1996,2153174.0,1
有松,1997,2108485.0,1
有松,1998,2096764.0,1
有松,1999,2090313.0,1
有松,2000,2082978.0,1
有松,2001,2120035.0,1
有松,2002,2046451.0,1
有松,2003,2050507.0,1
有松,2004,1993485.0,1
有松,2005,2143281.0,1
有松,2006,2196434.0,1
有松,2007,2274680.0,1
有松,2008,2355202.0,1
有松,2009,2325186.0,1
有松,2010,2373058.0,1
有松,2011,2356030.0,1
有松,2012,2407741.0,1
有松,2013,2493378.0,1
有松,2014,2507757.0,1
有松,2015,2612689.0,1
本山,1991,6499254.0,1
本山,1992,6314638.0,1
本山,1993,6368068.0,1
本山,1994,6284739.0,1
本山,1995,6445918.0,1
本山,1996,6216664.0,1
本山,1997,5928258.0,1
本山,1998,5969994.0,1
本山,1999,5822965.0,1
本山,2000,5610483.0,1
本山,2001,6503293.0,1
本山,2002,6507616.0,1
本山,2003,6263642.0,2
本山,2004,4603921.0,2
本山,2005,4844416.0,2
本山,2006,4965319.0,2
本山,2007,5030383.0,2
本山,2008,5122709.0,2
本山,2009,5075034.0,2
本山,2010,5080066.0,2
本山,2011,5081986.0,2
本山,2012,5229600.0,2
本山,2013,5441924.0,2
本山,2014,5421481.0,2
本山,2015,5512888.0,2
本星崎,1991,805826.0,1
本星崎,1992,796198.0,1
本星崎,1993,783016.0,1
本星崎,1994,745283.0,1
本星崎,1995,759494.0,1
本星崎,1996,775422.0,1
本星崎,1997,755787.0,1
本星崎,1998,715393.0,1
本星崎,1999,690409.0,1
本星崎,2000,654013.0,1
本星崎,2001,641135.0,1
本星崎,2002,623816.0,1
本星崎,2003,626098.0,1
本星崎,2004,622975.0,1
本星崎,2005,621691.0,1
本星崎,2006,622381.0,1
本星崎,2007,616654.0,1
本星崎,2008,619848.0,1
本星崎,2009,635100.0,1
本星崎,2010,662857.0,1
本星崎,2011,675058.0,1
本星崎,2012,666114.0,1
本星崎,2013,730596.0,1
本星崎,2014,752889.0,1
本星崎,2015,802549.0,1
本笠寺,1991,1521076.0,1
本笠寺,1992,1489385.0,1
本笠寺,1993,1452990.0,1
本笠寺,1994,1260200.0,1
本笠寺,1995,1203994.0,1
本笠寺,1996,1107982.0,1
本笠寺,1997,1033761.0,1
本笠寺,1998,990219.0,1
本笠寺,1999,934101.0,1
本笠寺,2000,902429.0,1
本笠寺,2001,854420.0,1
本笠寺,2002,838799.0,1
本笠寺,2003,818283.0,1
本笠寺,2004,804788.0,1
本笠寺,2005,785796.0,1
本笠寺,2006,798045.0,1
本笠寺,2007,804044.0,1
本笠寺,2008,805096.0,1
本笠寺,2009,781909.0,1
本笠寺,2010,800317.0,1
本笠寺,2011,807333.0,1
本笠寺,2012,822202.0,1
本笠寺,2013,831879.0,1
本笠寺,2014,814713.0,1
本笠寺,2015,841019.0,1
本郷,1991,3833594.0,1
本郷,1992,3766914.0,1
本郷,1993,3831769.0,1
本郷,1994,3672695.0,1
本郷,1995,3906924.0,1
本郷,1996,3927174.0,1
本郷,1997,3987800.0,1
本郷,1998,3783174.0,1
本郷,1999,3766837.0,1
本郷,2000,3889888.0,1
本郷,2001,4285870.0,1
本郷,2002,4512661.0,1
本郷,2003,4484369.0,1
本郷,2004,3902985.0,1
本郷,2005,4066587.0,1
本郷,2006,4091090.0,1
本郷,2007,4092797.0,1
本郷,2008,4092487.0,1
本郷,2009,4041788.0,1
本郷,2010,4210258.0,1
本郷,2011,4088787.0,1
本郷,2012,4184661.0,1
本郷,2013,4261048.0,1
本郷,2014,4312956.0,1
本郷,2015,4313199.0,1
本陣,1991,2133961.0,1
本陣,1992,2090175.0,1
本陣,1993,2212464.0,1
本陣,1994,2033834.0,1
本陣,1995,2105387.0,1
本陣,1996,2061933.0,1
本陣,1997,2024440.0,1
本陣,1998,1991822.0,1
本陣,1999,1956450.0,1
本陣,2000,1967555.0,1
本陣,2001,2136584.0,1
本陣,2002,2193390.0,1
本陣,2003,2300935.0,1
本陣,2004,2339062.0,1
本陣,2005,2400725.0,1
本陣,2006,2462263.0,1
本陣,2007,2514113.0,1
本陣,2008,2563831.0,1
本陣,2009,2464930.0,1
本陣,2010,2431883.0,1
本陣,2011,2468237.0,1
本陣,2012,2502991.0,1
本陣,2013,2605891.0,1
本陣,2014,2707590.0,1
本陣,2015,2813964.0,1
東別院,1991,2438291.0,2
東別院,1992,2138621.0,2
東別院,1993,2135001.0,2
東別院,1994,2007330.0,2
東別院,1995,2067789.0,2
東別院,1996,1896706.0,2
東別院,1997,1891538.0,2
東別院,1998,2077071.0,2
東別院,1999,1852251.0,2
東別院,2000,1872800.0,2
東別院,2001,2036258.0,2
東別院,2002,2251139.0,2
東別院,2003,2207262.0,2
東別院,2004,2122634.0,2
東別院,2005,2145686.0,2
東別院,2006,2192989.0,2
東別院,2007,2215608.0,2
東別院,2008,2225930.0,2
東別院,2009,2165077.0,2
東別院,2010,2088652.0,2
東別院,2011,2207090.0,2
東別院,2012,2259245.0,2
東別院,2013,2423445.0,2
東別院,2014,2551511.0,2
東別院,2015,2623983.0,2
東名古屋港,1991,905305.0,1
東名古屋港,1992,955656.0,1
東名古屋港,1993,974048.0,1
東名古屋港,1994,967749.0,1
東名古屋港,1995,977574.0,1
東名古屋港,1996,1007252.0,1
東名古屋港,1997,1014208.0,1
東名古屋港,1998,982186.0,1
東名古屋港,1999,950854.0,1
東名古屋港,2000,913034.0,1
東名古屋港,2001,817376.0,1
東名古屋港,2002,752452.0,1
東名古屋港,2003,669412.0,1
東名古屋港,2004,669830.0,1
東名古屋港,2005,700683.0,1
東名古屋港,2006,790693.0,1
東名古屋港,2007,833851.0,1
東名古屋港,2008,953905.0,1
東名古屋港,2009,1073435.0,1
東名古屋港,2010,1204244.0,1
東名古屋港,2011,1325554.0,1
東名古屋港,2012,1424354.0,1
東名古屋港,2013,1611202.0,1
東名古屋港,2014,1646991.0,1
東名古屋港,2015,1521997.0,1
東大手,1991,853037.0,1
東大手,1992,843482.0,1
東大手,1993,828946.0,1
東大手,1994,830002.0,1
東大手,1995,823825.0,1
東大手,1996,792012.0,1
東大手,1997,783449.0,1
東大手,1998,798767.0,1
東大手,1999,775238.0,1
東大手,2000,773462.0,1
東大手,2001,763701.0,1
東大手,2002,752687.0,1
東大手,2003,760630.0,1
東大手,2004,758335.0,1
東大手,2005,741629.0,1
東大手,2006,713081.0,1
東大手,2007,660559.0,1
東大手,2008,652360.0,1
東大手,2009,640033.0,1
東大手,2010,630366.0,1
東大手,2011,639232.0,1
東大手,2012,651545.0,1
東大手,2013,655540.0,1
東大手,2014,653826.0,1
東大手,2015,654445.0,1
東山公園,1991,2363082.0,1
東山公園,1992,2177812.0,1
東山公園,1993,2267324.0,1
東山公園,1994,2229679.0,1
東山公園,1995,2132558.0,1
東山公園,1996,2089106.0,1
東山公園,1997,2048402.0,1
東山公園,1998,2117893.0,1
東山公園,1999,2248461.0,1
東山公園,2000,2080317.0,1
東山公園,2001,2283412.0,1
東山公園,2002,2418271.0,1
東山公園,2003,2480648.0,1
東山公園,2004,2411133.0,1
東山公園,2005,2423503.0,1
東山公園,2006,2433902.0,1
東山公園,2007,2549507.0,1
東山公園,2008,2619556.0,1
東山公園,2009,2607519.0,1
東山公園,2010,2529425.0,1
東山公園,2011,2587349.0,1
東山公園,2012,2669273.0,1
東山公園,2013,2791668.0,1
東山公園,2014,2818805.0,1
東山公園,2015,2970393.0,1
東枇杷島,1991,1043986.0,1
東枇杷島,1992,1048250.0,1
東枇杷島,1993,1017189.0,1
東枇杷島,1994,994693.0,1
東枇杷島,1995,1006625.0,1
東枇杷島,1996,1023175.0,1
東枇杷島,1997,999076.0,1
東枇杷島,1998,1014036.0,1
東枇杷島,1999,1042472.0,1
東枇杷島,2000,1029802.0,1
東枇杷島,2001,1008251.0,1
東枇杷島,2002,987770.0,1
東枇杷島,2003,1024687.0,1
東枇杷島,2004,956816.0,1
東枇杷島,2005,970550.0,1
東枇杷島,2006,924752.0,1
東枇杷島,2007,963731.0,1
東枇杷島,2008,994314.0,1
東枇杷島,2009,1008275.0,1
東枇杷島,2010,1018696.0,1
東枇杷島,2011,1037240.0,1
東枇杷島,2012,1047784.0,1
東枇杷島,2013,1079995.0,1
東枇杷島,2014,1066308.0,1
東枇杷島,2015,1101520.0,1
東海通,1991,2952203.0,1
東海通,1992,2826896.0,1
東海通,1993,2770577.0,1
東海通,1994,2635375.0,1
東海通,1995,2653364.0,1
東海通,1996,2604885.0,1
東海通,1997,2606175.0,1
東海通,1998,2547371.0,1
東海通,1999,2454863.0,1
東海通,2000,2453736.0,1
東海通,2001,2668439.0,1
東海通,2002,2661900.0,1
東海通,2003,2965072.0,1
東海通,2004,2655489.0,1
東海通,2005,2605612.0,1
東海通,2006,2615860.0,1
東海通,2007,2602855.0,1
東海通,2008,2560618.0,1
東海通,2009,2472060.0,1
東海通,2010,2433599.0,1
東海通,2011,2444649.0,1
東海通,2012,2473567.0,1
東海通,2013,2560475.0,1
東海通,2014,2558937.0,1
東海通,2015,2506306.0,1
柴田,1991,1370527.0,1
柴田,1992,1348678.0,1
柴田,1993,1329447.0,1
柴田,1994,1312221.0,1
柴田,1995,1286774.0,1
柴田,1996,1257924.0,1
柴田,1997,1186108.0,1
柴田,1998,1144314.0,1
柴田,1999,1085290.0,1
柴田,2000,1012677.0,1
柴田,2001,974435.0,1
柴田,2002,1001091.0,1
柴田,2003,969345.0,1
柴田,2004,962744.0,1
柴田,2005,972494.0,1
柴田,2006,990149.0,1
柴田,2007,989705.0,1
柴田,2008,989491.0,1
柴田,2009,948220.0,1
柴田,2010,862986.0,1
柴田,2011,797166.0,1
柴田,2012,795132.0,1
柴田,2013,794126.0,1
柴田,2014,777222.0,1
柴田,2015,805524.0,1
栄,1991,48521367.0,4
栄,1992,48211845.0,4
栄,1993,48334816.0,4
栄,1994,46964134.0,4
栄,1995,46418512.0,4
栄,1996,45748589.0,4
栄,1997,46368156.0,4
栄,1998,45665195.0,4
栄,1999,43435598.0,4
栄,2000,42214540.0,4
栄,2001,46215505.0,4
栄,2002,45775367.0,4
栄,2003,46302082.0,4
栄,2004,46725606.0,4
栄,2005,47550413.0,4
栄,2006,46928202.0,4
栄,2007,46309391.0,4
栄,2008,45902255.0,4
栄,2009,44246950.0,4
栄,2010,43164408.0,4
栄,2011,45604688.0,4
栄,2012,46751859.0,4
栄,2013,47932492.0,4
栄,2014,47773372.0,4
栄,2015,49287086.0,4
栄生,1991,1909494.0,1
栄生,1992,1765920.0,1
栄生,1993,1734057.0,1
栄生,1994,1762236.0,1
栄生,1995,1711572.0,1
栄生,1996,1651413.0,1
栄生,1997,1573929.0,1
栄生,1998,1538661.0,1
栄生,1999,1520727.0,1
栄生,2000,1600439.0,1
栄生,2001,1586005.0,1
栄生,2002,1621702.0,1
栄生,2003,1687950.0,1
栄生,2004,1676364.0,1
栄生,2005,1768246.0,1
栄生,2006,1757021.0,1
栄生,2007,1781194.0,1
栄生,2008,1810455.0,1
栄生,2009,1774002.0,1
栄生,2010,1766110.0,1
栄生,2011,1787741.0,1
栄生,2012,1809529.0,1
栄生,2013,1857523.0,1
栄生,2014,1901216.0,1
栄生,2015,2001917.0,1
桜,1991,922084.0,1
桜,1992,941934.0,1
桜,1993,927754.0,1
桜,1994,738521.0,1
桜,1995,680564.0,1
桜,1996,636409.0,1
桜,1997,598036.0,1
桜,1998,587892.0,1
桜,1999,571462.0,1
桜,2000,550324.0,1
桜,2001,550810.0,1
桜,2002,557804.0,1
桜,2003,546541.0,1
桜,2004,562171.0,1
桜,2005,544317.0,1
桜,2006,536168.0,1
桜,2007,539347.0,1
桜,2008,540040.0,1
桜,2009,528972.0,1
桜,2010,531044.0,1
桜,2011,549307.0,1
桜,2012,572228.0,1
桜,2013,596227.0,1
桜,2014,600788.0,1
桜,2015,648117.0,1
桜山,1991,0.0,0
桜山,1992,0.0,0
桜山,1993,11619.0,1
桜山,1994,2654697.0,1
桜山,1995,2890035.0,1
桜山,1996,3053669.0,1
桜山,1997,3006375.0,1
桜山,1998,3189688.0,1
桜山,1999,3308434.0,1
桜山,2000,3352035.0,1
桜山,2001,3486258.0,1
桜山,2002,3447202.0,1
桜山,2003,3844491.0,1
桜山,2004,3220037.0,1
桜山,2005,3467901.0,1
桜山,2006,3595555.0,1
桜山,2007,3777164.0,1
桜山,2008,3843118.0,1
桜山,2009,3818865.0,1
桜山,2010,3969275.0,1
桜山,2011,3920409.0,1
桜山,2012,4037781.0,1
桜山,2013,4190804.0,1
桜山,2014,4239385.0,1
桜山,2015,4423913.0,1
桜本町,1991,0.0,0
桜本町,1992,0.0,0
桜本町,1993,4057.0,1
桜本町,1994,926129.0,1
桜本町,1995,1079732.0,1
桜本町,1996,1060496.0,1
桜本町,1997,1137432.0,1
桜本町,1998,1181982.0,1
桜本町,1999,1195557.0,1
桜本町,2000,1190222.0,1
桜本町,2001,1282046.0,1
桜本町,2002,1285406.0,1
桜本町,2003,1493905.0,1
桜本町,2004,1379134.0,1
桜本町,2005,1362178.0,1
桜本町,2006,1387791.0,1
桜本町,2007,1374517.0,1
桜本町,2008,1347580.0,1
桜本町,2009,1316633.0,1
桜本町,2010,1299864.0,1
桜本町,2011,1344165.0,1
桜本町,2012,1390073.0,1
桜本町,2013,1414361.0,1
桜本町,2014,1412586.0,1
桜本町,2015,1450488.0,1
森下,1991,360498.0,1
森下,1992,358785.0,1
森下,1993,367895.0,1
森下,1994,361119.0,1
森下,1995,380601.0,1
森下,1996,389101.0,1
森下,1997,372975.0,1
森下,1998,374149.0,1
森下,1999,369587.0,1
森下,2000,386772.0,1
森下,2001,389561.0,1
森下,2002,376044.0,1
森下,2003,378856.0,1
森下,2004,361587.0,1
森下,2005,366068.0,1
森下,2006,380970.0,1
森下,2007,390110.0,1
森下,2008,403478.0,1
森下,2009,402160.0,1
森下,2010,402949.0,1
森下,2011,407891.0,1
森下,2012,430855.0,1
森下,2013,467446.0,1
森下,2014,473629.0,1
森下,2015,483002.0,1
植田,1991,2532582.0,1
植田,1992,2469152.0,1
植田,1993,2533297.0,1
植田,1994,2481992.0,1
植田,1995,2616138.0,1
植田,1996,2512146.0,1
植田,1997,2664878.0,1
植田,1998,2639812.0,1
植田,1999,2637833.0,1
植田,2000,2627315.0,1
植田,2001,2830328.0,1
植田,2002,2865202.0,1
植田,2003,3079654.0,1
植田,2004,2833302.0,1
植田,2005,2954215.0,1
植田,2006,2979802.0,1
植田,2007,3028283.0,1
植田,2008,3074106.0,1
植田,2009,3035064.0,1
植田,2010,2986371.0,1
植田,2011,2905225.0,1
植田,2012,2988774.0,1
植田,2013,3096513.0,1
植田,2014,3131673.0,1
植田,2015,3208847.0,1
池下,1991,5710913.0,1
池下,1992,4822922.0,1
池下,1993,5045188.0,1
池下,1994,4773011.0,1
池下,1995,5052087.0,1
池下,1996,4954883.0,1
池下,1997,5045939.0,1
池下,1998,4608185.0,1
池下,1999,4774516.0,1
池下,2000,4610691.0,1
池下,2001,4885392.0,1
池下,2002,4774595.0,1
池下,2003,4863647.0,1
池下,2004,4962463.0,1
池下,2005,5035902.0,1
池下,2006,5119843.0,1
池下,2007,5177248.0,1
池下,2008,4978449.0,1
池下,2009,4735418.0,1
池下,2010,4624074.0,1
池下,2011,4622021.0,1
池下,2012,4747920.0,1
池下,2013,4969487.0,1
池下,2014,5029942.0,1
池下,2015,5181510.0,1
浄心,1991,1798864.0,1
浄心,1992,2069170.0,1
浄心,1993,1991982.0,1
浄心,1994,2081882.0,1
浄心,1995,2082219.0,1
浄心,1996,2002430.0,1
浄心,1997,1955457.0,1
浄心,1998,2059678.0,1
浄心,1999,1984253.0,1
浄心,2000,2063634.0,1
浄心,2001,2065094.0,1
浄心,2002,2210146.0,1
浄心,2003,2286322.0,1
浄心,2004,2146177.0,1
浄心,2005,2320696.0,1
浄心,2006,2336183.0,1
浄心,2007,2329131.0,1
浄心,2008,2347028.0,1
浄心,2009,2395963.0,1
浄心,2010,2394205.0,1
浄心,2011,2300188.0,1
浄心,2012,2351435.0,1
浄心,2013,2438813.0,1
浄心,2014,2443237.0,1
浄心,2015,2570445.0,1
浅間町,1991,1622820.0,1
浅間町,1992,1613883.0,1
浅間町,1993,1897578.0,1
浅間町,1994,1665521.0,1
浅間町,1995,1747269.0,1
浅間町,1996,1682647.0,1
浅間町,1997,1591046.0,1
浅間町,1998,1605143.0,1
浅間町,1999,1571607.0,1
浅間町,2000,1549464.0,1
浅間町,2001,1610403.0,1
浅間町,2002,1706176.0,1
浅間町,2003,1673041.0,1
浅間町,2004,1513724.0,1
浅間町,2005,1564841.0,1
浅間町,2006,1589641.0,1
浅間町,2007,1570995.0,1
浅間町,2008,1555781.0,1
浅間町,2009,1565505.0,1
浅間町,2010,1501022.0,1
浅間町,2011,1565036.0,1
浅間町,2012,1624499.0,1
浅間町,2013,1685276.0,1
浅間町,2014,1676272.0,1
浅間町,2015,1735123.0,1
清水,1991,387693.0,1
清水,1992,390048.0,1
清水,1993,394684.0,1
清水,1994,393661.0,1
清水,1995,398205.0,1
清水,1996,413697.0,1
清水,1997,401111.0,1
清水,1998,430535.0,1
清水,1999,415844.0,1
清水,2000,440116.0,1
清水,2001,436917.0,1
清水,2002,429626.0,1
清水,2003,421932.0,1
清水,2004,417900.0,1
清水,2005,423695.0,1
清水,2006,421980.0,1
清水,2007,396338.0,1
清水,2008,391823.0,1
清水,2009,386032.0,1
清水,2010,394959.0,1
清水,2011,403661.0,1
清水,2012,397370.0,1
清水,2013,405552.0,1
清水,2014,405669.0,1
清水,2015,428463.0,1
港区役所,1991,849937.0,1
港区役所,1992,837886.0,1
港区役所,1993,879265.0,1
港区役所,1994,966903.0,1
港区役所,1995,1044563.0,1
港区役所,1996,1136381.0,1
港区役所,1997,1112807.0,1
港区役所,1998,1232419.0,1
港区役所,1999,1268600.0,1
港区役所,2000,1276670.0,1
港区役所,2001,1296772.0,1
港区役所,2002,1399449.0,1
港区役所,2003,1359338.0,1
港区役所,2004,1278142.0,1
港区役所,2005,1301743.0,1
港区役所,2006,1275365.0,1
港区役所,2007,1217956.0,1
港区役所,2008,1235690.0,1
港区役所,2009,1229484.0,1
港区役所,2010,1234569.0,1
港区役所,2011,1192325.0,1
港区役所,2012,1235863.0,1
港区役所,2013,1245221.0,1
港区役所,2014,1251863.0,1
港区役所,2015,1300585.0,1
烏森,1991,1232637.0,1
烏森,1992,1157125.0,1
烏森,1993,1078708.0,1
烏森,1994,1047597.0,1
烏森,1995,1045776.0,1
烏森,1996,1003025.0,1
烏森,1997,958806.0,1
烏森,1998,927391.0,1
烏森,1999,919697.0,1
烏森,2000,897073.0,1
烏森,2001,890127.0,1
烏森,2002,859377.0,1
烏森,2003,862807.0,1
烏森,2004,855890.0,1
烏森,2005,844657.0,1
烏森,2006,857107.0,1
烏森,2007,843447.0,1
烏森,2008,872460.0,1
烏森,2009,856788.0,1
烏森,2010,854285.0,1
烏森,2011,852408.0,1
烏森,2012,863283.0,1
烏森,2013,877884.0,1
烏森,2014,840316.0,1
烏森,2015,904329.0,1
熱田,1991,1266943.0,1
熱田,1992,1231644.0,1
熱田,1993,1211838.0,1
熱田,1994,1174376.0,1
熱田,1995,1140332.0,1
熱田,1996,1132426.0,1
熱田,1997,1114446.0,1
熱田,1998,1099284.0,1
熱田,1999,1072501.0,1
熱田,2000,1054768.0,1
熱田,2001,1008541.0,1
熱田,2002,1002680.0,1
熱田,2003,1037629.0,1
熱田,2004,1063624.0,1
熱田,2005,1051194.0,1
熱田,2006,1021783.0,1
熱田,2007,1036476.0,1
熱田,2008,1042599.0,1
熱田,2009,1056212.0,1
熱田,2010,1056338.0,1
熱田,2011,1039535.0,1
熱田,2012,1042862.0,1
熱田,2013,1056194.0,1
熱田,2014,1053867.0,1
熱田,2015,1090848.0,1
瑞穂区役所,1991,0.0,0
瑞穂区役所,1992,0.0,0
瑞穂区役所,1993,8949.0,1
瑞穂区役所,1994,2478783.0,1
瑞穂区役所,1995,2611826.0,1
瑞穂区役所,1996,2891311.0,1
瑞穂区役所,1997,2839067.0,1
瑞穂区役所,1998,2845536.0,1
瑞穂区役所,1999,2854684.0,1
瑞穂区役所,2000,2875689.0,1
瑞穂区役所,2001,2974557.0,1
瑞穂区役所,2002,3196091.0,1
瑞穂区役所,2003,3135687.0,1
瑞穂区役所,2004,2406698.0,1
瑞穂区役所,2005,2498698.0,1
瑞穂区役所,2006,2562777.0,1
瑞穂区役所,2007,2594947.0,1
瑞穂区役所,2008,2633687.0,1
瑞穂区役所,2009,2631421.0,1
瑞穂区役所,2010,2868424.0,1
瑞穂区役所,2011,2548227.0,1
瑞穂区役所,2012,2624572.0,1
瑞穂区役所,2013,2656676.0,1
瑞穂区役所,2014,2669829.0,1
瑞穂区役所,2015,2770620.0,1
瑞穂運動場東,1991,0.0,0
瑞穂運動場東,1992,0.0,0
瑞穂運動場東,1993,0.0,0
瑞穂運動場東,1994,0.0,0
瑞穂運動場東,1995,0.0,0
瑞穂運動場東,1996,0.0,0
瑞穂運動場東,1997,0.0,0
瑞穂運動場東,1998,0.0,0
瑞穂運動場東,1999,0.0,0
瑞穂運動場東,2000,0.0,0
瑞穂運動場東,2001,0.0,0
瑞穂運動場東,2002,0.0,0
瑞穂運動場東,2003,0.0,0
瑞穂運動場東,2004,458061.0,1
瑞穂運動場東,2005,1177160.0,1
瑞穂運動場東,2006,1297024.0,1
瑞穂運動場東,2007,1355670.0,1
瑞穂運動場東,2008,1410093.0,1
瑞穂運動場東,2009,1435043.0,1
瑞穂運動場東,2010,1465573.0,1
瑞穂運動場東,2011,1515112.0,1
瑞穂運動場東,2012,1554300.0,1
瑞穂運動場東,2013,1633277.0,1
瑞穂運動場東,2014,1689422.0,1
瑞穂運動場東,2015,1764372.0,1
瑞穂運動場西,1991,0.0,0
瑞穂運動場西,1992,0.0,0
瑞穂運動場西,1993,3742.0,1
瑞穂運動場西,1994,878977.0,1
瑞穂運動場西,1995,878647.0,1
瑞穂運動場西,1996,995393.0,1
瑞穂運動場西,1997,989104.0,1
瑞穂運動場西,1998,995749.0,1
瑞穂運動場西,1999,1066150.0,1
瑞穂運動場西,2000,1102563.0,1
瑞穂運動場西,2001,1100334.0,1
瑞穂運動場西,2002,1166921.0,1
瑞穂運動場西,2003,1227441.0,1
瑞穂運動場西,2004,1215726.0,1
瑞穂運動場西,2005,1120712.0,1
瑞穂運動場西,2006,1133164.0,1
瑞穂運動場西,2007,1111878.0,1
瑞穂運動場西,2008,1129348.0,1
瑞穂運動場西,2009,1099251.0,1
瑞穂運動場西,2010,1071241.0,1
瑞穂運動場西,2011,1140529.0,1
瑞穂運動場西,2012,1172836.0,1
瑞穂運動場西,2013,1212626.0,1
瑞穂運動場西,2014,1224164.0,1
瑞穂運動場西,2015,1288766.0,1
瓢箪山,1991,879443.0,1
瓢箪山,1992,895794.0,1
瓢箪山,1993,890402.0,1
瓢箪山,1994,859417.0,1
瓢箪山,1995,859885.0,1
瓢箪山,1996,842289.0,1
瓢箪山,1997,833874.0,1
瓢箪山,1998,813849.0,1
瓢箪山,1999,788648.0,1
瓢箪山,2000,765469.0,1
瓢箪山,2001,740286.0,1
瓢箪山,2002,733054.0,1
瓢箪山,2003,726240.0,1
瓢箪山,2004,728300.0,1
瓢箪山,2005,711934.0,1
瓢箪山,2006,697732.0,1
瓢箪山,2007,727691.0,1
瓢箪山,2008,733796.0,1
瓢箪山,2009,723671.0,1
瓢箪山,2010,733918.0,1
瓢箪山,2011,733859.0,1
瓢箪山,2012,730605.0,1
瓢箪山,2013,740186.0,1
瓢箪山,2014,736596.0,1
瓢箪山,2015,782536.0,1
相生山,1991,0.0,0
相生山,1992,0.0,0
相生山,1993,0.0,0
相生山,1994,0.0,0
相生山,1995,0.0,0
相生山,1996,0.0,0
相生山,1997,0.0,0
相生山,1998,0.0,0
相生山,1999,0.0,0
相生山,2000,0.0,0
相生山,2001,0.0,0
相生山,2002,0.0,0
相生山,2003,0.0,0
相生山,2004,0.0,0
相生山,2005,0.0,0
相生山,2006,0.0,0
相生山,2007,0.0,0
相生山,2008,0.0,0
相生山,2009,0.0,0
相生山,2010,17965.0,1
相生山,2011,1234557.0,1
相生山,2012,1340774.0,1
相生山,2013,1394769.0,1
相生山,2014,1429578.0,1
相生山,2015,1471387.0,1
矢場町,1991,8257436.0,2
矢場町,1992,8645144.0,2
矢場町,1993,7364617.0,2
矢場町,1994,8884633.0,2
矢場町,1995,8187194.0,2
矢場町,1996,8720445.0,2
矢場町,1997,8759467.0,2
矢場町,1998,9052404.0,2
矢場町,1999,8359207.0,2
矢場町,2000,7847273.0,2
矢場町,2001,8682030.0,2
矢場町,2002,8813672.0,2
矢場町,2003,9463671.0,2
矢場町,2004,10301511.0,2
矢場町,2005,9967480.0,2
矢場町,2006,10020064.0,2
矢場町,2007,9960391.0,2
矢場町,2008,9717187.0,2
矢場町,2009,9423672.0,2
矢場町,2010,9227119.0,2
矢場町,2011,9905717.0,2
矢場町,2012,10244577.0,2
矢場町,2013,10904141.0,2
矢場町,2014,10751482.0,2
矢場町,2015,11106226.0,2
矢田,1991,130882.0,1
矢田,1992,137515.0,1
矢田,1993,137966.0,1
矢田,1994,134495.0,1
矢田,1995,133192.0,1
矢田,1996,140447.0,1
矢田,1997,166118.0,1
矢田,1998,173696.0,1
矢田,1999,165364.0,1
矢田,2000,139825.0,1
矢田,2001,134422.0,1
矢田,2002,132281.0,1
矢田,2003,129311.0,1
矢田,2004,129394.0,1
矢田,2005,129457.0,1
矢田,2006,163972.0,1
矢田,2007,176422.0,1
矢田,2008,195935.0,1
矢田,2009,187518.0,1
矢田,2010,187748.0,1
矢田,2011,193847.0,1
矢田,2012,222761.0,1
矢田,2013,233563.0,1
矢田,2014,238486.0,1
矢田,2015,242765.0,1
砂田橋,1991,0.0,0
砂田橋,1992,0.0,0
砂田橋,1993,0.0,0
砂田橋,1994,0.0,0
砂田橋,1995,0.0,0
砂田橋,1996,0.0,0
砂田橋,1997,0.0,0
砂田橋,1998,0.0,0
砂田橋,1999,273672.0,1
砂田橋,2000,1549077.0,1
砂田橋,2001,1778623.0,1
砂田橋,2002,2018784.0,1
砂田橋,2003,2266429.0,1
砂田橋,2004,1887843.0,1
砂田橋,2005,2210473.0,1
砂田橋,2006,2342551.0,1
砂田橋,2007,2396357.0,1
砂田橋,2008,2424114.0,1
砂田橋,2009,2415118.0,1
砂田橋,2010,2621844.0,1
砂田橋,2011,2459042.0,1
砂田橋,2012,2582706.0,1
砂田橋,2013,2645130.0,1
砂田橋,2014,2672275.0,1
砂田橋,2015,2728331.0,1
神宮前,1991,11118028.0,1
神宮前,1992,10968202.0,1
神宮前,1993,10689807.0,1
神宮前,1994,9953448.0,1
神宮前,1995,9658872.0,1
神宮前,1996,9135839.0,1
神宮前,1997,8470489.0,1
神宮前,1998,7931599.0,1
神宮前,1999,7535451.0,1
神宮前,2000,7172936.0,1
神宮前,2001,6810011.0,1
神宮前,2002,6546963.0,1
神宮前,2003,6435733.0,1
神宮前,2004,6228074.0,1
神宮前,2005,6020622.0,1
神宮前,2006,5840270.0,1
神宮前,2007,5691057.0,1
神宮前,2008,5565843.0,1
神宮前,2009,5357876.0,1
神宮前,2010,5470160.0,1
神宮前,2011,5436473.0,1
神宮前,2012,5523089.0,1
神宮前,2013,5740055.0,1
神宮前,2014,5679846.0,1
神宮前,2015,5768742.0,1
神宮西,1991,1086660.0,1
神宮西,1992,1019087.0,1
神宮西,1993,996001.0,1
神宮西,1994,992430.0,1
神宮西,1995,966780.0,1
神宮西,1996,955212.0,1
神宮西,1997,997603.0,1
神宮西,1998,1003287.0,1
神宮西,1999,1045286.0,1
神宮西,2000,976396.0,1
神宮西,2001,1088522.0,1
神宮西,2002,1006119.0,1
神宮西,2003,1142355.0,1
神宮西,2004,1192933.0,1
神宮西,2005,1217547.0,1
神宮西,2006,1276780.0,1
神宮西,2007,1300423.0,1
神宮西,2008,1325282.0,1
神宮西,2009,1349502.0,1
神宮西,2010,1334536.0,1
神宮西,2011,1397563.0,1
神宮西,2012,1407617.0,1
神宮西,2013,1462172.0,1
神宮西,2014,1481086.0,1
神宮西,2015,1558722.0,1
神沢,1991,0.0,0
神沢,1992,0.0,0
神沢,1993,0.0,0
神沢,1994,0.0,0
神沢,1995,0.0,0
神沢,1996,0.0,0
神沢,1997,0.0,0
神沢,1998,0.0,0
神沢,1999,0.0,0
神沢,2000,0.0,0
神沢,2001,0.0,0
神沢,2002,0.0,0
神沢,2003,0.0,0
神沢,2004,0.0,0
神沢,2005,0.0,0
神沢,2006,0.0,0
神沢,2007,0.0,0
神沢,2008,0.0,0
神沢,2009,0.0,0
神沢,2010,12780.0,1
神沢,2011,843738.0,1
神沢,2012,944072.0,1
神沢,2013,1026822.0,1
神沢,2014,1083801.0,1
神沢,2015,1129996.0,1
稲永,2004,205263.0,1
稲永,2005,558370.0,1
稲永,2006,622785.0,1
稲永,2007,686229.0,1
稲永,2008,716824.0,1
稲永,2009,745259.0,1
稲永,2010,767638.0,1
稲永,2011,788606.0,1
稲永,2012,824505.0,1
稲永,2013,839305.0,1
稲永,2014,853347.0,1
稲永,2015,877663.0,1
笠寺,1991,2544841.0,1
笠寺,1992,2764911.0,1
笠寺,1993,2846175.0,1
笠寺,1994,2703884.0,1
笠寺,1995,2740237.0,1
笠寺,1996,2743774.0,1
笠寺,1997,2624198.0,1
笠寺,1998,2536787.0,1
笠寺,1999,2592433.0,1
笠寺,2000,2653700.0,1
笠寺,2001,2604551.0,1
笠寺,2002,2542354.0,1
笠寺,2003,2622762.0,1
笠寺,2004,2593794.0,1
笠寺,2005,2618611.0,1
笠寺,2006,2709629.0,1
笠寺,2007,2691627.0,1
笠寺,2008,2671045.0,1
笠寺,2009,2632696.0,1
笠寺,2010,2594064.0,1
笠寺,2011,2664276.0,1
笠寺,2012,2672844.0,1
笠寺,2013,2693172.0,1
笠寺,2014,2732047.0,1
笠寺,2015,2790326.0,1
築地口,1991,2446341.0,1
築地口,1992,2323239.0,1
築地口,1993,2304829.0,1
築地口,1994,2353653.0,1
築地口,1995,2372821.0,1
築地口,1996,2320127.0,1
築地口,1997,2298833.0,1
築地口,1998,2216389.0,1
築地口,1999,2247871.0,1
築地口,2000,2055212.0,1
築地口,2001,2383867.0,1
築地口,2002,2153216.0,1
築地口,2003,2217357.0,1
築地口,2004,1980595.0,1
築地口,2005,1808560.0,1
築地口,2006,1980426.0,1
築地口,2007,2053002.0,1
築地口,2008,2038146.0,1
築地口,2009,1964549.0,1
築地口,2010,1922316.0,1
築地口,2011,1900321.0,1
築地口,2012,1873192.0,1
築地口,2013,1872669.0,1
築地口,2014,1851985.0,1
築地口,2015,1827267.0,1
米野,1991,243504.0,1
米野,1992,239221.0,1
米野,1993,232873.0,1
米野,1994,219231.0,1
米野,1995,213049.0,1
米野,1996,199887.0,1
米野,1997,185304.0,1
米野,1998,171360.0,1
米野,1999,160127.0,1
米野,2000,156246.0,1
米野,2001,155159.0,1
米野,2002,146152.0,1
米野,2003,145035.0,1
米野,2004,135661.0,1
米野,2005,115434.0,1
米野,2006,115439.0,1
米野,2007,111967.0,1
米野,2008,110372.0,1
米野,2009,112628.0,1
米野,2010,109041.0,1
米野,2011,108037.0,1
米野,2012,110069.0,1
米野,2013,112957.0,1
米野,2014,103002.0,1
米野,2015,108168.0,1
総合ﾘﾊﾋﾞﾘｾﾝﾀｰ,1991,0.0,0
総合ﾘﾊﾋﾞﾘｾﾝﾀｰ,1992,0.0,0
総合ﾘﾊﾋﾞﾘｾﾝﾀｰ,1993,0.0,0
総合ﾘﾊﾋﾞﾘｾﾝﾀｰ,1994,0.0,0
総合ﾘﾊﾋﾞﾘｾﾝﾀｰ,1995,0.0,0
総合ﾘﾊﾋﾞﾘｾﾝﾀｰ,1996,0.0,0
総合ﾘﾊﾋﾞﾘｾﾝﾀｰ,1997,0.0,0
総合ﾘﾊﾋﾞﾘｾﾝﾀｰ,1998,0.0,0
総合ﾘﾊﾋﾞﾘｾﾝﾀｰ,1999,0.0,0
総合ﾘﾊﾋﾞﾘｾﾝﾀｰ,2000,0.0,0
総合ﾘﾊﾋﾞﾘｾﾝﾀｰ,2001,0.0,0
総合ﾘﾊﾋﾞﾘｾﾝﾀｰ,2002,0.0,0
総合ﾘﾊﾋﾞﾘｾﾝﾀｰ,2003,0.0,0
総合ﾘﾊﾋﾞﾘｾﾝﾀｰ,2004,331573.0,1
総合ﾘﾊﾋﾞﾘｾﾝﾀｰ,2005,799674.0,1
総合ﾘﾊﾋﾞﾘｾﾝﾀｰ,2006,918023.0,1
総合ﾘﾊﾋﾞﾘｾﾝﾀｰ,2007,976686.0,1
総合ﾘﾊﾋﾞﾘｾﾝﾀｰ,2008,1024897.0,1
総合ﾘﾊﾋﾞﾘｾﾝﾀｰ,2009,1031307.0,1
総合ﾘﾊﾋﾞﾘｾﾝﾀｰ,2010,1022181.0,1
総合ﾘﾊﾋﾞﾘｾﾝﾀｰ,2011,1042362.0,1
総合ﾘﾊﾋﾞﾘｾﾝﾀｰ,2012,1088373.0,1
総合ﾘﾊﾋﾞﾘｾﾝﾀｰ,2013,1100815.0,1
総合ﾘﾊﾋﾞﾘｾﾝﾀｰ,2014,1125779.0,1
総合ﾘﾊﾋﾞﾘｾﾝﾀｰ,2015,1160068.0,1
自由ケ丘,1991,0.0,0
自由ケ丘,1992,0.0,0
自由ケ丘,1993,0.0,0
自由ケ丘,1994,0.0,0
自由ケ丘,1995,0.0,0
自由ケ丘,1996,0.0,0
自由ケ丘,1997,0.0,0
自由ケ丘,1998,0.0,0
自由ケ丘,1999,0.0,0
自由ケ丘,2000,0.0,0
自由ケ丘,2001,0.0,0
自由ケ丘,2002,0.0,0
自由ケ丘,2003,479643.0,1
自由ケ丘,2004,1575958.0,1
自由ケ丘,2005,1866037.0,1
自由ケ丘,2006,2030371.0,1
自由ケ丘,2007,2083697.0,1
自由ケ丘,2008,2165480.0,1
自由ケ丘,2009,2214088.0,1
自由ケ丘,2010,2449548.0,1
自由ケ丘,2011,2334396.0,1
自由ケ丘,2012,2408826.0,1
自由ケ丘,2013,2491277.0,1
自由ケ丘,2014,2481608.0,1
自由ケ丘,2015,2525034.0,1
茶屋ケ坂,1991,0.0,0
茶屋ケ坂,1992,0.0,0
茶屋ケ坂,1993,0.0,0
茶屋ケ坂,1994,0.0,0
茶屋ケ坂,1995,0.0,0
茶屋ケ坂,1996,0.0,0
茶屋ケ坂,1997,0.0,0
茶屋ケ坂,1998,0.0,0
茶屋ケ坂,1999,0.0,0
茶屋ケ坂,2000,0.0,0
茶屋ケ坂,2001,0.0,0
茶屋ケ坂,2002,0.0,0
茶屋ケ坂,2003,382195.0,1
茶屋ケ坂,2004,1542941.0,1
茶屋ケ坂,2005,1916713.0,1
茶屋ケ坂,2006,2065873.0,1
茶屋ケ坂,2007,2148133.0,1
茶屋ケ坂,2008,2193528.0,1
茶屋ケ坂,2009,2270011.0,1
茶屋ケ坂,2010,2318621.0,1
茶屋ケ坂,2011,2377328.0,1
茶屋ケ坂,2012,2425034.0,1
茶屋ケ坂,2013,2490399.0,1
茶屋ケ坂,2014,2533418.0,1
茶屋ケ坂,2015,2579494.0,1
荒子,2004,168766.0,1
荒子,2005,403849.0,1
荒子,2006,453130.0,1
荒子,2007,495908.0,1
荒子,2008,521416.0,1
荒子,2009,545640.0,1
荒子,2010,575737.0,1
荒子,2011,592266.0,1
荒子,2012,611234.0,1
荒子,2013,649004.0,1
荒子,2014,688869.0,1
荒子,2015,721147.0,1
荒子川公園,2004,328375.0,1
荒子川公園,2005,744955.0,1
荒子川公園,2006,844790.0,1
荒子川公園,2007,925793.0,1
荒子川公園,2008,948350.0,1
荒子川公園,2009,961066.0,1
荒子川公園,2010,966110.0,1
荒子川公園,2011,962826.0,1
荒子川公園,2012,1034000.0,1
荒子川公園,2013,1067190.0,1
荒子川公園,2014,1093719.0,1
荒子川公園,2015,1131663.0,1
荒畑,1991,2395765.0,1
荒畑,1992,2164332.0,1
荒畑,1993,2151293.0,1
荒畑,1994,1976821.0,1
荒畑,1995,1885316.0,1
荒畑,1996,1735558.0,1
荒畑,1997,1640228.0,1
荒畑,1998,1720793.0,1
荒畑,1999,1623562.0,1
荒畑,2000,1492222.0,1
荒畑,2001,1586110.0,1
荒畑,2002,1560155.0,1
荒畑,2003,1644466.0,1
荒畑,2004,1477424.0,1
荒畑,2005,1504356.0,1
荒畑,2006,1481694.0,1
荒畑,2007,1459189.0,1
荒畑,2008,1482537.0,1
荒畑,2009,1499452.0,1
荒畑,2010,1562536.0,1
荒畑,2011,1490236.0,1
荒畑,2012,1568841.0,1
荒畑,2013,1620751.0,1
荒畑,2014,1578224.0,1
荒畑,2015,1596987.0,1
藤が丘,1991,9054432.0,1
藤が丘,1992,8869957.0,1
藤が丘,1993,8774799.0,1
藤が丘,1994,8350152.0,1
藤が丘,1995,8780076.0,1
藤が丘,1996,9032640.0,1
藤が丘,1997,9092853.0,1
藤が丘,1998,8804511.0,1
藤が丘,1999,8852734.0,1
藤が丘,2000,8958965.0,1
藤が丘,2001,9734924.0,1
藤が丘,2002,10032163.0,1
藤が丘,2003,9278704.0,1
藤が丘,2004,9212626.0,1
藤が丘,2005,12631565.0,1
藤が丘,2006,9775646.0,1
藤が丘,2007,10103774.0,1
藤が丘,2008,10254217.0,1
藤が丘,2009,10150405.0,1
藤が丘,2010,10409408.0,1
藤が丘,2011,10036007.0,1
藤が丘,2012,10362050.0,1
藤が丘,2013,10739954.0,1
藤が丘,2014,10753984.0,1
藤が丘,2015,11074879.0,1
西高蔵,1991,716183.0,1
西高蔵,1992,731456.0,1
西高蔵,1993,742178.0,1
西高蔵,1994,848223.0,1
西高蔵,1995,1003951.0,1
西高蔵,1996,890735.0,1
西高蔵,1997,1158076.0,1
西高蔵,1998,949754.0,1
西高蔵,1999,869717.0,1
西高蔵,2000,813212.0,1
西高蔵,2001,842307.0,1
西高蔵,2002,824812.0,1
西高蔵,2003,963860.0,1
西高蔵,2004,851232.0,1
西高蔵,2005,894147.0,1
西高蔵,2006,890593.0,1
西高蔵,2007,934733.0,1
西高蔵,2008,953388.0,1
西高蔵,2009,932909.0,1
西高蔵,2010,1021312.0,1
西高蔵,2011,1070495.0,1
西高蔵,2012,1083918.0,1
西高蔵,2013,1120684.0,1
西高蔵,2014,1157186.0,1
西高蔵,2015,1209685.0,1
覚王山,1991,3126280.0,1
覚王山,1992,3026163.0,1
覚王山,1993,3000513.0,1
覚王山,1994,3052500.0,1
覚王山,1995,2913347.0,1
覚王山,1996,2847800.0,1
覚王山,1997,2745314.0,1
覚王山,1998,2557881.0,1
覚王山,1999,2511915.0,1
覚王山,2000,2454121.0,1
覚王山,2001,2690774.0,1
覚王山,2002,2719215.0,1
覚王山,2003,3083738.0,1
覚王山,2004,3023137.0,1
覚王山,2005,3156699.0,1
覚王山,2006,3245786.0,1
覚王山,2007,3246998.0,1
覚王山,2008,3228711.0,1
覚王山,2009,3226045.0,1
覚王山,2010,3306836.0,1
覚王山,2011,3278920.0,1
覚王山,2012,3343414.0,1
覚王山,2013,3439442.0,1
覚王山,2014,3482816.0,1
覚王山,2015,3574111.0,1
豊田本町,1991,903953.0,1
豊田本町,1992,941095.0,1
豊田本町,1993,944550.0,1
豊田本町,1994,916139.0,1
豊田本町,1995,902206.0,1
豊田本町,1996,864569.0,1
豊田本町,1997,832064.0,1
豊田本町,1998,834046.0,1
豊田本町,1999,826351.0,1
豊田本町,2000,803359.0,1
豊田本町,2001,763615.0,1
豊田本町,2002,747432.0,1
豊田本町,2003,739928.0,1
豊田本町,2004,711861.0,1
豊田本町,2005,749417.0,1
豊田本町,2006,746470.0,1
豊田本町,2007,755786.0,1
豊田本町,2008,773043.0,1
豊田本町,2009,745350.0,1
豊田本町,2010,759636.0,1
豊田本町,2011,753991.0,1
豊田本町,2012,785127.0,1
豊田本町,2013,803352.0,1
豊田本町,2014,824785.0,1
豊田本町,2015,875206.0,1
赤池,1991,9037812.0,1
赤池,1992,8828237.0,1
赤池,1993,8129068.0,1
赤池,1994,8285772.0,1
赤池,1995,8676838.0,1
赤池,1996,9120750.0,1
赤池,1997,8647765.0,1
赤池,1998,8908060.0,1
赤池,1999,8922723.0,1
赤池,2000,8883174.0,1
赤池,2001,10268374.0,1
赤池,2002,10555053.0,1
赤池,2003,9659462.0,1
赤池,2004,11061725.0,1
赤池,2005,11344147.0,1
赤池,2006,11479541.0,1
赤池,2007,11552743.0,1
赤池,2008,11839833.0,1
赤池,2009,11510388.0,1
赤池,2010,12083720.0,1
赤池,2011,9680876.0,1
赤池,2012,9660750.0,1
赤池,2013,10034783.0,1
赤池,2014,10163353.0,1
赤池,2015,10495314.0,1
車道,1991,2105640.0,1
車道,1992,2106287.0,1
車道,1993,2125176.0,1
車道,1994,2063915.0,1
車道,1995,2082339.0,1
車道,1996,2497164.0,1
車道,1997,2120827.0,1
車道,1998,1988051.0,1
車道,1999,1962691.0,1
車道,2000,2149871.0,1
車道,2001,2368660.0,1
車道,2002,2394710.0,1
車道,2003,2624779.0,1
車道,2004,2331005.0,1
車道,2005,2388517.0,1
車道,2006,2454981.0,1
車道,2007,2503624.0,1
車道,2008,2573778.0,1
車道,2009,2463759.0,1
車道,2010,2551394.0,1
車道,2011,2459509.0,1
車道,2012,2395803.0,1
車道,2013,2450224.0,1
車道,2014,2484013.0,1
車道,2015,2578452.0,1
道徳,1991,1259588.0,1
道徳,1992,1279171.0,1
道徳,1993,1284137.0,1
道徳,1994,1240541.0,1
道徳,1995,1237233.0,1
道徳,1996,1242266.0,1
道徳,1997,1169288.0,1
道徳,1998,1118428.0,1
道徳,1999,1086219.0,1
道徳,2000,1026507.0,1
道徳,2001,998077.0,1
道徳,2002,972485.0,1
道徳,2003,970190.0,1
道徳,2004,964259.0,1
道徳,2005,945330.0,1
道徳,2006,936450.0,1
道徳,2007,918134.0,1
道徳,2008,938089.0,1
道徳,2009,921158.0,1
道徳,2010,903310.0,1
道徳,2011,916003.0,1
道徳,2012,933422.0,1
道徳,2013,954047.0,1
道徳,2014,953611.0,1
道徳,2015,984816.0,1
野並,1991,0.0,0
野並,1992,0.0,0
野並,1993,13488.0,1
野並,1994,3233668.0,1
野並,1995,3827526.0,1
野並,1996,4255677.0,1
野並,1997,4476046.0,1
野並,1998,4609464.0,1
野並,1999,4775674.0,1
野並,2000,4836253.0,1
野並,2001,5308488.0,1
野並,2002,5368223.0,1
野並,2003,5881294.0,1
野並,2004,5788437.0,1
野並,2005,5703242.0,1
野並,2006,5763696.0,1
野並,2007,5802455.0,1
野並,2008,5860498.0,1
野並,2009,5808032.0,1
野並,2010,5805212.0,1
野並,2011,2528578.0,1
野並,2012,2481568.0,1
野並,2013,2458792.0,1
野並,2014,2439162.0,1
野並,2015,2477899.0,1
野跡,2004,93245.0,1
野跡,2005,210435.0,1
野跡,2006,234825.0,1
野跡,2007,249334.0,1
野跡,2008,260634.0,1
野跡,2009,285640.0,1
野跡,2010,298968.0,1
野跡,2011,305662.0,1
野跡,2012,313133.0,1
野跡,2013,335365.0,1
野跡,2014,340216.0,1
野跡,2015,348461.0,1
金城ふ頭,2004,276484.0,1
金城ふ頭,2005,388650.0,1
金城ふ頭,2006,369850.0,1
金城ふ頭,2007,498848.0,1
金城ふ頭,2008,416143.0,1
金城ふ頭,2009,418301.0,1
金城ふ頭,2010,470844.0,1
金城ふ頭,2011,775931.0,1
金城ふ頭,2012,645793.0,1
金城ふ頭,2013,712707.0,1
金城ふ頭,2014,741123.0,1
金城ふ頭,2015,815468.0,1
金山,1991,56267356.0,5
金山,1992,60180505.0,5
金山,1993,62577802.0,5
金山,1994,62276886.0,5
金山,1995,62646296.0,5
金山,1996,62141612.0,5
金山,1997,62318109.0,5
金山,1998,61195440.0,5
金山,1999,60162916.0,5
金山,2000,57900233.0,5
金山,2001,62633020.0,5
金山,2002,61623742.0,5
金山,2003,61715798.0,5
金山,2004,63094476.0,5
金山,2005,68972219.0,5
金山,2006,70482609.0,5
金山,2007,72453880.0,5
金山,2008,73452590.0,5
金山,2009,72365871.0,5
金山,2010,72736053.0,5
金山,2011,74030963.0,5
金山,2012,75680976.0,5
金山,2013,78529650.0,5
金山,2014,79679023.0,5
金山,2015,82886795.0,5
高岳,1991,1956181.0,1
高岳,1992,1936231.0,1
高岳,1993,1975727.0,1
高岳,1994,2383059.0,1
高岳,1995,2475259.0,1
高岳,1996,2404018.0,1
高岳,1997,2414763.0,1
高岳,1998,2422087.0,1
高岳,1999,2390898.0,1
高岳,2000,2386605.0,1
高岳,2001,2674459.0,1
高岳,2002,2745587.0,1
高岳,2003,2594811.0,1
高岳,2004,2169459.0,1
高岳,2005,2201566.0,1
高岳,2006,2201457.0,1
高岳,2007,2328644.0,1
高岳,2008,2401372.0,1
高岳,2009,2422575.0,1
高岳,2010,2431842.0,1
高岳,2011,2579422.0,1
高岳,2012,2684873.0,1
高岳,2013,2771514.0,1
高岳,2014,2851722.0,1
高岳,2015,2909632.0,1
高畑,1991,3590303.0,1
高畑,1992,3460634.0,1
高畑,1993,3586412.0,1
高畑,1994,3587658.0,1
高畑,1995,3533324.0,1
高畑,1996,3621748.0,1
高畑,1997,3603843.0,1
高畑,1998,3719748.0,1
高畑,1999,3766007.0,1
高畑,2000,3741079.0,1
高畑,2001,4034174.0,1
高畑,2002,4120663.0,1
高畑,2003,4550462.0,1
高畑,2004,4085712.0,1
高畑,2005,3839494.0,1
高畑,2006,3751523.0,1
高畑,2007,3734437.0,1
高畑,2008,3754907.0,1
高畑,2009,3668089.0,1
高畑,2010,3661537.0,1
高畑,2011,3631750.0,1
高畑,2012,3726550.0,1
高畑,2013,3862706.0,1
高畑,2014,3940116.0,1
高畑,2015,4010207.0,1
鳴子北,1991,0.0,0
鳴子北,1992,0.0,0
鳴子北,1993,0.0,0
鳴子北,1994,0.0,0
鳴子北,1995,0.0,0
鳴子北,1996,0.0,0
鳴子北,1997,0.0,0
鳴子北,1998,0.0,0
鳴子北,1999,0.0,0
鳴子北,2000,0.0,0
鳴子北,2001,0.0,0
鳴子北,2002,0.0,0
鳴子北,2003,0.0,0
鳴子北,2004,0.0,0
鳴子北,2005,0.0,0
鳴子北,2006,0.0,0
鳴子北,2007,0.0,0
鳴子北,2008,0.0,0
鳴子北,2009,0.0,0
鳴子北,2010,22185.0,1
鳴子北,2011,1641275.0,1
鳴子北,2012,1679355.0,1
鳴子北,2013,1746059.0,1
鳴子北,2014,1752702.0,1
鳴子北,2015,1769316.0,1
鳴海,1991,4935720.0,1
鳴海,1992,4955504.0,1
鳴海,1993,4886073.0,1
鳴海,1994,4292569.0,1
鳴海,1995,4200506.0,1
鳴海,1996,4026117.0,1
鳴海,1997,3890112.0,1
鳴海,1998,3710941.0,1
鳴海,1999,3525811.0,1
鳴海,2000,3375152.0,1
鳴海,2001,3450881.0,1
鳴海,2002,3292400.0,1
鳴海,2003,3228386.0,1
鳴海,2004,3124851.0,1
鳴海,2005,3153425.0,1
鳴海,2006,3190108.0,1
鳴海,2007,3274036.0,1
鳴海,2008,3418762.0,1
鳴海,2009,3306555.0,1
鳴海,2010,3338640.0,1
鳴海,2011,3194532.0,1
鳴海,2012,3185792.0,1
鳴海,2013,3284199.0,1
鳴海,2014,3283335.0,1
鳴海,2015,3360822.0,1
鶴舞,1991,11747915.0,2
鶴舞,1992,12295952.0,2
鶴舞,1993,12282099.0,2
鶴舞,1994,12512243.0,2
鶴舞,1995,12391892.0,2
鶴舞,1996,12302335.0,2
鶴舞,1997,12274055.0,2
鶴舞,1998,11913373.0,2
鶴舞,1999,12055519.0,2
鶴舞,2000,12099594.0,2
鶴舞,2001,12741190.0,2
鶴舞,2002,12761523.0,2
鶴舞,2003,12528088.0,2
鶴舞,2004,11640626.0,2
鶴舞,2005,11713968.0,2
鶴舞,2006,11938403.0,2
鶴舞,2007,12258269.0,2
鶴舞,2008,12504751.0,2
鶴舞,2009,12530547.0,2
鶴舞,2010,12286993.0,2
鶴舞,2011,12137329.0,2
鶴舞,2012,11958138.0,2
鶴舞,2013,11941787.0,2
鶴舞,2014,11894559.0,2
鶴舞,2015,12219911.0,2
鶴里,1991,0.0,0
鶴里,1992,0.0,0
鶴里,1993,2712.0,1
鶴里,1994,595560.0,1
鶴里,1995,667117.0,1
鶴里,1996,702177.0,1
鶴里,1997,764944.0,1
鶴里,1998,788160.0,1
鶴里,1999,742589.0,1
鶴里,2000,780270.0,1
鶴里,2001,781583.0,1
鶴里,2002,833684.0,1
鶴里,2003,896849.0,1
鶴里,2004,877864.0,1
鶴里,2005,936316.0,1
鶴里,2006,937533.0,1
鶴里,2007,941316.0,1
鶴里,2008,956954.0,1
鶴里,2009,965147.0,1
鶴里,2010,944191.0,1
鶴里,2011,979663.0,1
鶴里,2012,1011293.0,1
鶴里,2013,1029699.0,1
鶴里,2014,1033891.0,1
鶴里,2015,1070173.0,1
黄金,1991,590280.0,1
黄金,1992,578388.0,1
黄金,1993,561052.0,1
黄金,1994,525706.0,1
黄金,1995,534105.0,1
黄金,1996,507156.0,1
黄金,1997,500739.0,1
黄金,1998,491614.0,1
黄金,1999,470591.0,1
黄金,2000,456593.0,1
黄金,2001,438837.0,1
黄金,2002,414835.0,1
黄金,2003,393673.0,1
黄金,2004,373988.0,1
黄金,2005,363499.0,1
黄金,2006,369527.0,1
黄金,2007,380691.0,1
黄金,2008,381803.0,1
黄金,2009,364550.0,1
黄金,2010,367501.0,1
黄金,2011,374710.0,1
黄金,2012,360689.0,1
黄金,2013,364812.0,1
黄金,2014,352614.0,1
黄金,2015,392823.0,1
黒川,1991,4568916.0,2
黒川,1992,4482097.0,2
黒川,1993,4633788.0,2
黒川,1994,4600094.0,2
黒川,1995,4588017.0,2
黒川,1996,4625114.0,2
黒川,1997,4466803.0,2
黒川,1998,4394033.0,2
黒川,1999,4354582.0,2
黒川,2000,4891146.0,2
黒川,2001,5081568.0,2
黒川,2002,4726079.0,2
黒川,2003,5114826.0,2
黒川,2004,4935770.0,2
黒川,2005,5059561.0,2
黒川,2006,5107456.0,2
黒川,2007,4863088.0,2
黒川,2008,4844763.0,2
黒川,2009,4774441.0,2
黒川,2010,4699496.0,2
黒川,2011,4723563.0,2
黒川,2012,4845255.0,2
黒川,2013,4943361.0,2
黒川,2014,4939585.0,2
黒川,2015,5069276.0,2
ﾅｺﾞﾔﾄﾞｰﾑ前矢田,1991,0.0,0
ﾅｺﾞﾔﾄﾞｰﾑ前矢田,1992,0.0,0
ﾅｺﾞﾔﾄﾞｰﾑ前矢田,1993,0.0,0
ﾅｺﾞﾔﾄﾞｰﾑ前矢田,1994,0.0,0
ﾅｺﾞﾔﾄﾞｰﾑ前矢田,1995,0.0,0
ﾅｺﾞﾔﾄﾞｰﾑ前矢田,1996,0.0,0
ﾅｺﾞﾔﾄﾞｰﾑ前矢田,1997,0.0,0
ﾅｺﾞﾔﾄﾞｰﾑ前矢田,1998,0.0,0
ﾅｺﾞﾔﾄﾞｰﾑ前矢田,1999,103513.0,1
ﾅｺﾞﾔﾄﾞｰﾑ前矢田,2000,630367.0,1
ﾅｺﾞﾔﾄﾞｰﾑ前矢田,2001,1873634.0,1
ﾅｺﾞﾔﾄﾞｰﾑ前矢田,2002,1850147.0,1
ﾅｺﾞﾔﾄﾞｰﾑ前矢田,2003,1900512.0,1
ﾅｺﾞﾔﾄﾞｰﾑ前矢田,2004,2037975.0,1
ﾅｺﾞﾔﾄﾞｰﾑ前矢田,2005,2305746.0,1
ﾅｺﾞﾔﾄﾞｰﾑ前矢田,2006,3271822.0,1
ﾅｺﾞﾔﾄﾞｰﾑ前矢田,2007,3042112.0,1
ﾅｺﾞﾔﾄﾞｰﾑ前矢田,2008,3088156.0,1
ﾅｺﾞﾔﾄﾞｰﾑ前矢田,2009,3135204.0,1
ﾅｺﾞﾔﾄﾞｰﾑ前矢田,2010,3021405.0,1
ﾅｺﾞﾔﾄﾞｰﾑ前矢田,2011,3508196.0,1
ﾅｺﾞﾔﾄﾞｰﾑ前矢田,2012,3453763.0,1
ﾅｺﾞﾔﾄﾞｰﾑ前矢田,2013,3676697.0,1
ﾅｺﾞﾔﾄﾞｰﾑ前矢田,2014,3710770.0,1
ﾅｺﾞﾔﾄﾞｰﾑ前矢田,2015,3822943.0,1
